guest_id,spa_affinity_score,adventure_affinity_score,culture_affinity_score,dining_affinity_score,travel_type,budget_segment,stay_duration_days,weather_condition,temparature,rain_probability,event_category,event_popularity_score,event_indoor_flag,attraction_rating,seasonal_tourism_index,weather_activity_match,event_preference_alignment,overall_experience_score,recommended_experience
1,0.16,0.85,0.87,1,,,8,,27,63,,50,,,5,0.84,0.81,39,
2,0.57,0.41,0.59,0,,,9,,15,97,,61,,,21,0.74,0.84,82,
3,0.27,0.05,0.04,0,,,3,,29,26,,95,,,20,0.2,0.97,55,
4,0.53,0.42,0.4,1,,,3,,12,45,,24,,,85,0.96,0.07,13,
5,0.47,0.14,0.99,1,,,2,,11,81,,61,,,13,0.16,0.56,55,
6,0.5,0.22,0.3,0,,,12,,36,99,,3,,,29,0.55,0.43,46,
7,0.64,0.75,0.19,0,,,12,,30,36,,39,,,61,0.25,0.82,3,
8,0.67,0.83,0.6,0,,,11,,22,74,,30,,,46,0.3,0.82,32,
9,0.6,0.7,0.84,0,,,3,,37,21,,48,,,68,0.57,0.54,49,
10,0.19,0.91,0.04,0,,,13,,38,65,,13,,,83,0.64,0.4,74,
11,0.75,0.55,0.78,1,,,10,,17,5,,53,,,92,0.68,0.85,54,
12,0.17,0.86,0.73,1,,,11,,18,28,,71,,,52,0.47,0.4,56,
13,0.85,0.97,0.28,1,,,9,,28,78,,24,,,41,0.05,0.28,85,
14,0.15,0.27,0.69,0,,,10,,11,94,,64,,,63,0.44,0.72,73,
15,0.76,0.68,0.06,0,,,1,,29,88,,97,,,27,0.59,0.9,76,
16,0.12,0.24,0.44,0,,,3,,31,50,,38,,,82,0.36,0.01,73,
17,0.76,0.57,0.11,0,,,9,,18,96,,64,,,80,0.39,0.95,5,
18,0.37,0.88,0.46,1,,,8,,33,5,,91,,,83,0.97,0.13,58,
19,0.93,0.85,0.6,1,,,12,,25,50,,72,,,96,0.92,0.36,88,
20,0.04,0.69,0.68,0,,,2,,12,6,,89,,,68,0.37,0.5,57,
21,0.14,0.36,0.9,0,,,1,,10,48,,79,,,91,0.69,0.28,96,
22,0.08,0.92,0.78,1,,,4,,32,76,,36,,,32,0.49,0.01,20,
23,0.02,0.4,0.37,1,,,13,,10,56,,37,,,84,0.61,0.06,98,
24,0.68,0.69,0.89,1,,,8,,33,33,,82,,,24,0.52,0.59,75,
25,0.98,0.14,0.01,0,,,2,,25,44,,26,,,85,0.58,0.41,93,
26,0.7,0.21,0.03,0,,,4,,13,72,,57,,,33,0.84,0.96,84,
27,0.59,0.7,0.93,0,,,14,,20,69,,94,,,66,0.48,0.96,65,
28,0.42,0.97,0.28,1,,,5,,26,88,,59,,,6,0.56,0.12,64,
29,0.73,0.6,0.34,1,,,14,,31,72,,10,,,63,0.95,0.21,6,
30,0.52,0.05,0.4,0,,,1,,30,7,,49,,,80,0.18,0.32,23,
31,0.06,0.92,0.69,1,,,6,,27,30,,27,,,63,0.92,0.32,16,
32,0.95,0.73,0.66,1,,,6,,21,38,,90,,,56,0.08,0.16,59,
33,0.94,0.13,0.7,1,,,4,,15,16,,19,,,17,0.72,0.41,74,
34,0.32,0.44,0.9,0,,,6,,38,35,,9,,,6,0.21,0.28,69,
35,0.7,0.77,0.21,1,,,13,,27,20,,3,,,82,0.81,0.29,21,
36,0.84,0.24,0.46,1,,,14,,33,63,,83,,,34,0.93,0.81,1,
37,0.77,0.45,0.32,0,,,10,,24,15,,89,,,36,0.38,0.9,11,
38,0.24,0.53,0.67,1,,,8,,11,93,,38,,,78,0.2,0.92,27,
39,0.25,0.52,0.88,1,,,4,,15,49,,19,,,10,0.51,0.97,85,
40,0.86,0.89,0.81,1,,,14,,30,84,,1,,,57,0.51,0.78,85,
41,0.78,0.98,0.6,1,,,5,,32,53,,62,,,40,0.02,0.16,16,
42,0.66,0.06,0.07,0,,,14,,18,52,,84,,,93,0.74,0.6,93,
43,0.64,0.91,0.33,1,,,1,,23,47,,13,,,5,0.13,0.54,18,
44,0.92,0.0,0.36,1,,,9,,31,80,,77,,,86,0.78,0.44,64,
45,0.47,0.32,0.09,0,,,14,,12,18,,8,,,85,0.21,0.94,76,
46,0.92,0.53,0.29,1,,,3,,39,0,,35,,,28,0.13,0.55,83,
47,0.86,0.93,0.54,1,,,13,,31,50,,81,,,19,0.65,0.25,81,
48,0.95,0.75,0.76,1,,,10,,10,18,,74,,,92,0.44,0.69,27,
49,0.69,0.06,0.87,0,,,11,,17,8,,79,,,17,0.19,0.57,93,
50,0.59,0.52,0.03,0,,,12,,24,26,,93,,,91,0.88,0.31,89,
51,0.68,0.17,0.1,1,,,7,,29,98,,22,,,75,0.13,0.46,11,
52,0.88,0.33,0.13,1,,,7,,15,12,,41,,,89,0.8,0.83,84,
53,0.08,0.87,0.77,1,,,9,,23,92,,79,,,38,0.75,0.35,57,
54,0.52,0.42,0.65,0,,,1,,10,25,,86,,,27,0.3,0.8,45,
55,0.31,0.91,0.73,1,,,10,,27,95,,17,,,18,0.41,0.05,29,
56,0.45,0.48,0.37,1,,,14,,33,32,,74,,,35,0.9,0.72,67,
57,0.9,0.8,0.53,1,,,12,,22,100,,44,,,90,0.35,0.46,74,
58,0.24,0.78,0.63,1,,,14,,27,8,,13,,,44,0.4,0.16,89,
59,0.58,0.87,0.25,1,,,7,,36,17,,75,,,93,0.92,0.17,38,
60,0.83,0.65,0.36,1,,,4,,26,27,,12,,,14,0.35,0.35,12,
61,0.65,0.49,0.0,0,,,12,,22,21,,74,,,21,0.28,0.5,63,
62,0.69,0.92,0.71,1,,,4,,27,6,,72,,,7,0.54,0.66,13,
63,0.03,0.16,0.08,0,,,2,,12,36,,75,,,49,0.14,0.34,57,
64,0.09,0.41,0.9,1,,,2,,28,96,,91,,,81,0.94,0.21,55,
65,0.39,0.41,0.54,1,,,11,,22,27,,17,,,29,0.38,0.26,73,
66,0.58,0.69,0.68,0,,,8,,22,2,,7,,,67,0.94,0.37,26,
67,0.81,0.96,0.24,1,,,10,,20,68,,89,,,43,0.28,0.82,38,
68,0.13,0.38,0.54,0,,,9,,33,71,,14,,,83,0.87,0.35,46,
69,0.49,0.75,0.35,0,,,13,,28,21,,73,,,59,0.67,0.92,59,
70,0.54,0.5,0.04,0,,,2,,40,5,,30,,,83,0.5,0.24,7,
71,0.03,0.44,0.97,0,,,8,,38,4,,16,,,12,0.22,0.74,95,
72,0.62,0.69,0.24,0,,,7,,33,62,,45,,,93,0.13,0.16,71,
73,0.93,0.59,0.52,1,,,4,,15,57,,46,,,1,0.43,0.88,2,
74,0.6,0.75,0.59,0,,,7,,19,45,,16,,,2,0.37,0.93,88,
75,0.12,0.68,0.58,1,,,5,,40,7,,81,,,78,0.87,0.92,59,
76,0.96,0.37,0.19,1,,,10,,30,17,,9,,,4,0.86,0.96,48,
77,0.84,0.26,0.38,1,,,6,,36,47,,65,,,63,0.46,0.72,40,
78,0.52,0.88,0.07,1,,,8,,20,24,,53,,,64,0.14,0.55,67,
79,0.73,0.14,0.93,1,,,3,,14,63,,74,,,76,0.25,0.41,66,
80,0.32,0.7,0.95,1,,,8,,19,15,,67,,,48,0.83,0.8,88,
81,0.5,0.35,0.05,0,,,8,,14,66,,19,,,65,0.04,0.73,33,
82,0.17,0.61,0.9,0,,,9,,16,62,,24,,,67,0.74,0.52,97,
83,0.88,0.41,0.85,0,,,1,,36,93,,2,,,46,0.16,0.59,73,
84,0.6,0.25,0.05,0,,,4,,24,25,,62,,,34,0.69,0.99,83,
85,0.66,0.16,0.77,0,,,13,,17,35,,89,,,52,0.22,0.48,6,
86,0.66,0.71,0.43,0,,,1,,19,49,,17,,,89,0.89,0.52,30,
87,0.34,0.22,0.59,1,,,14,,20,49,,25,,,41,0.26,0.5,74,
88,0.7,0.78,0.05,1,,,12,,30,46,,65,,,42,0.26,0.6,20,
89,1.0,0.7,0.09,0,,,1,,16,76,,86,,,70,0.54,0.36,56,
90,0.88,0.59,0.53,1,,,3,,23,15,,11,,,64,0.46,0.67,62,
91,0.59,0.78,0.51,0,,,14,,10,82,,19,,,40,0.39,0.84,41,
92,0.69,0.64,0.41,1,,,14,,23,4,,83,,,9,0.82,0.85,22,
93,0.17,0.32,0.46,1,,,4,,33,74,,66,,,78,0.98,0.55,73,
94,0.23,0.44,0.08,0,,,9,,19,18,,53,,,73,0.47,0.14,79,
95,0.27,0.39,0.53,1,,,8,,10,24,,89,,,89,0.62,0.58,79,
96,0.07,0.86,0.89,1,,,13,,13,49,,80,,,10,0.67,0.27,84,
97,0.23,0.82,0.87,0,,,12,,30,86,,26,,,44,0.92,0.83,39,
98,0.25,0.27,0.16,0,,,10,,22,64,,2,,,93,0.45,0.53,12,
99,0.6,0.46,0.4,1,,,8,,18,31,,43,,,37,0.9,0.17,89,
100,0.2,0.76,0.2,1,,,9,,31,56,,52,,,55,0.8,0.57,64,
101,0.06,0.14,0.39,0,,,5,,24,77,,31,,,94,0.37,0.36,26,
102,0.53,0.13,0.31,1,,,12,,13,52,,86,,,37,0.47,0.9,55,
103,0.48,0.19,0.83,0,,,5,,22,51,,30,,,53,0.21,0.87,13,
104,0.57,0.91,0.75,1,,,14,,19,48,,75,,,37,0.79,0.19,85,
105,0.49,0.89,0.11,0,,,12,,34,89,,79,,,79,0.87,0.47,20,
106,0.11,0.4,0.47,0,,,14,,13,63,,61,,,65,0.22,0.26,84,
107,0.25,0.99,0.98,1,,,2,,11,54,,15,,,28,0.06,0.36,10,
108,0.84,0.04,0.82,0,,,9,,26,24,,87,,,100,0.84,0.18,8,
109,0.42,0.8,0.64,0,,,13,,24,96,,11,,,90,0.32,0.96,30,
110,0.94,0.79,0.17,0,,,7,,17,78,,57,,,60,0.9,0.27,80,
111,0.93,0.14,0.71,1,,,3,,37,28,,81,,,33,0.32,0.93,37,
112,0.04,0.24,0.17,1,,,6,,38,35,,67,,,23,0.64,0.18,56,
113,0.67,0.84,0.01,0,,,12,,11,29,,97,,,89,0.2,0.07,71,
114,0.02,0.14,0.08,0,,,3,,12,24,,28,,,0,0.94,0.45,9,
115,0.34,0.41,0.19,0,,,1,,32,90,,13,,,41,0.54,0.85,37,
116,0.11,0.86,0.69,0,,,5,,27,58,,90,,,43,0.09,0.14,44,
117,0.45,0.47,0.57,1,,,13,,24,52,,26,,,32,0.25,0.94,91,
118,0.97,0.91,0.2,0,,,12,,10,79,,43,,,73,0.04,0.47,22,
119,0.74,0.61,0.95,0,,,11,,17,67,,34,,,9,0.51,0.7,18,
120,0.87,0.57,0.93,0,,,2,,27,39,,67,,,3,0.23,0.78,47,
121,0.88,0.51,0.58,0,,,5,,34,70,,98,,,75,0.24,0.15,14,
122,0.27,0.49,0.9,0,,,5,,34,40,,47,,,40,0.25,0.02,12,
123,0.63,0.96,0.03,0,,,11,,20,86,,37,,,95,0.81,0.42,75,
124,0.26,0.56,0.09,1,,,12,,34,10,,9,,,9,0.56,0.66,20,
125,0.8,0.43,0.59,0,,,6,,35,86,,80,,,21,0.12,0.08,39,
126,0.17,0.36,0.92,0,,,10,,21,33,,78,,,42,0.12,0.3,75,
127,0.36,0.01,0.38,0,,,8,,36,20,,32,,,38,0.01,0.99,48,
128,0.96,0.34,0.58,1,,,4,,27,55,,36,,,1,0.68,0.4,85,
129,0.02,0.59,0.29,1,,,5,,17,9,,87,,,64,0.86,0.01,46,
130,0.68,0.52,0.77,1,,,8,,10,77,,0,,,96,0.35,0.8,74,
131,0.37,0.94,0.72,1,,,11,,13,85,,41,,,81,0.11,0.33,86,
132,0.01,0.78,0.17,0,,,10,,14,39,,60,,,67,0.53,0.53,31,
133,0.83,0.51,0.83,0,,,8,,27,19,,34,,,99,0.58,0.38,17,
134,1.0,0.36,0.83,1,,,1,,22,12,,79,,,3,0.71,0.43,95,
135,0.21,0.57,0.86,0,,,9,,37,23,,49,,,31,0.66,0.69,84,
136,0.66,0.02,0.76,0,,,11,,20,19,,7,,,23,0.81,0.34,3,
137,0.78,0.5,0.79,1,,,7,,17,29,,31,,,3,0.31,0.81,91,
138,0.67,0.91,0.51,1,,,3,,22,91,,4,,,45,0.33,0.4,97,
139,0.64,0.01,0.29,0,,,8,,25,49,,5,,,8,0.19,0.65,88,
140,0.33,0.76,0.76,1,,,13,,39,55,,27,,,51,0.16,0.21,70,
141,0.54,0.34,0.14,0,,,6,,21,16,,61,,,77,0.13,0.7,54,
142,0.87,0.98,0.4,0,,,7,,11,5,,93,,,33,0.53,0.48,96,
143,0.65,0.24,0.38,0,,,10,,13,91,,89,,,49,0.87,0.45,13,
144,0.59,0.3,0.98,1,,,9,,19,55,,83,,,48,0.46,0.6,42,
145,0.31,0.04,0.34,0,,,10,,25,12,,39,,,72,0.11,0.48,20,
146,0.41,0.25,0.17,0,,,1,,31,74,,55,,,96,0.56,0.12,97,
147,0.78,0.43,0.48,0,,,6,,17,12,,61,,,25,0.97,0.62,61,
148,0.0,0.56,0.2,1,,,1,,31,80,,60,,,95,0.77,0.21,78,
149,0.41,0.11,0.5,0,,,14,,32,15,,28,,,25,0.38,0.27,58,
150,0.67,0.54,1.0,0,,,7,,19,81,,61,,,66,0.93,0.5,35,
151,0.94,0.5,0.66,0,,,7,,36,46,,69,,,64,0.66,0.59,65,
152,0.87,0.05,0.22,1,,,12,,39,37,,97,,,56,0.32,0.87,42,
153,0.57,0.22,0.7,1,,,4,,30,1,,57,,,11,0.16,0.08,5,
154,0.17,0.99,0.34,1,,,9,,40,68,,92,,,17,0.46,0.63,20,
155,0.63,0.45,0.73,1,,,11,,27,40,,25,,,48,0.39,0.7,38,
156,0.84,0.49,0.66,0,,,11,,26,49,,71,,,57,0.96,0.35,33,
157,0.61,0.57,0.27,0,,,6,,16,66,,23,,,62,0.66,0.38,10,
158,0.05,0.28,0.98,1,,,11,,36,99,,82,,,10,0.33,0.91,96,
159,0.01,0.17,0.15,0,,,2,,26,86,,80,,,98,0.68,0.51,93,
160,0.34,0.52,0.39,0,,,3,,17,99,,64,,,20,0.81,0.45,2,
161,0.49,0.83,0.94,0,,,2,,25,0,,65,,,26,0.02,0.04,16,
162,0.98,0.78,0.35,1,,,4,,27,37,,48,,,9,0.13,0.62,52,
163,0.75,0.02,0.78,0,,,13,,32,44,,84,,,1,0.7,0.97,0,
164,0.11,0.2,0.57,1,,,9,,32,75,,15,,,5,0.52,0.26,14,
165,0.59,0.44,1.0,0,,,13,,21,0,,4,,,53,0.97,0.6,72,
166,0.66,0.68,0.68,0,,,8,,18,62,,84,,,99,0.89,0.56,22,
167,0.01,0.61,0.31,0,,,9,,31,39,,37,,,0,0.97,0.73,37,
168,0.23,0.41,0.35,0,,,14,,31,30,,26,,,42,0.39,0.85,59,
169,0.22,0.54,0.39,1,,,4,,18,93,,33,,,47,0.3,0.4,72,
170,0.79,0.52,0.83,1,,,8,,32,79,,55,,,61,0.54,0.95,41,
171,0.7,0.42,0.52,0,,,10,,11,50,,13,,,38,0.03,0.99,5,
172,0.72,0.1,0.16,0,,,4,,17,74,,43,,,28,0.07,0.53,39,
173,0.8,0.32,0.2,0,,,8,,33,90,,70,,,68,0.47,0.23,83,
174,0.46,0.72,0.63,0,,,2,,12,57,,2,,,80,0.66,0.77,84,
175,0.37,0.63,0.0,0,,,2,,12,99,,33,,,95,0.2,0.09,83,
176,0.18,0.03,0.78,1,,,7,,26,42,,47,,,17,0.97,0.9,8,
177,0.24,0.05,0.31,1,,,14,,36,55,,15,,,44,0.24,0.03,69,
178,0.69,0.01,0.97,1,,,7,,17,85,,69,,,50,0.89,0.45,68,
179,0.16,0.59,0.32,0,,,6,,18,53,,59,,,16,0.13,0.57,6,
180,0.41,0.72,0.75,1,,,5,,10,56,,62,,,67,0.1,0.39,14,
181,0.91,0.84,0.54,1,,,4,,33,57,,39,,,31,0.31,0.81,64,
182,0.32,0.95,0.49,0,,,6,,22,25,,23,,,2,0.94,0.8,5,
183,0.96,0.73,0.09,1,,,11,,39,14,,54,,,24,0.15,0.41,92,
184,0.08,0.23,0.2,1,,,6,,17,62,,24,,,18,0.65,0.24,10,
185,0.99,0.03,0.45,0,,,7,,26,75,,84,,,92,0.08,0.51,12,
186,0.08,0.83,0.43,0,,,4,,31,29,,88,,,68,0.84,0.07,85,
187,0.72,0.92,0.24,0,,,3,,35,27,,12,,,96,0.03,0.7,53,
188,0.12,0.44,0.42,1,,,6,,35,64,,84,,,100,0.52,0.08,93,
189,0.29,0.4,0.07,0,,,10,,23,3,,66,,,27,0.34,0.13,35,
190,0.31,0.14,0.59,0,,,10,,14,46,,80,,,9,0.13,0.36,78,
191,0.15,0.55,0.65,1,,,9,,32,35,,29,,,73,0.66,0.94,73,
192,0.56,1.0,0.16,0,,,12,,32,65,,94,,,14,0.45,0.41,83,
193,0.96,0.14,1.0,0,,,4,,37,100,,6,,,23,0.02,0.36,42,
194,0.91,0.21,0.12,1,,,13,,20,5,,93,,,61,0.25,0.58,49,
195,0.04,0.61,0.37,1,,,13,,39,58,,83,,,99,0.88,0.53,97,
196,0.52,0.83,0.08,1,,,11,,12,39,,70,,,29,0.71,0.59,33,
197,0.05,0.99,0.35,0,,,5,,15,88,,24,,,52,0.84,0.24,97,
198,0.66,0.77,0.13,1,,,2,,33,49,,34,,,18,0.62,0.82,3,
199,0.64,0.03,0.76,0,,,11,,28,26,,13,,,85,0.66,0.71,82,
200,0.91,0.81,0.93,1,,,12,,36,64,,74,,,49,0.71,0.03,30,
201,0.53,0.94,0.41,0,,,10,,22,18,,28,,,35,0.86,0.93,36,
202,0.9,0.7,0.69,1,,,13,,19,38,,5,,,72,0.28,0.98,36,
203,0.93,0.07,0.59,1,,,4,,33,81,,100,,,93,0.8,0.8,90,
204,0.37,0.8,0.7,0,,,2,,37,88,,46,,,35,0.7,0.65,17,
205,0.99,0.9,0.34,0,,,5,,11,93,,68,,,7,0.07,0.57,0,
206,0.95,0.4,0.2,0,,,10,,13,43,,25,,,57,0.91,0.57,86,
207,0.82,0.79,0.61,0,,,3,,20,15,,2,,,0,0.42,0.69,11,
208,0.01,0.82,0.66,0,,,6,,18,41,,35,,,99,0.4,0.46,72,
209,0.51,0.69,0.36,1,,,8,,25,10,,67,,,5,0.03,0.68,78,
210,0.7,0.31,0.48,0,,,4,,22,44,,29,,,41,0.62,0.64,47,
211,0.8,0.61,0.19,1,,,13,,38,93,,70,,,99,0.39,0.75,23,
212,0.87,0.34,0.69,0,,,3,,25,2,,52,,,60,0.08,0.89,67,
213,0.28,0.06,0.19,1,,,2,,34,21,,87,,,57,0.66,0.66,73,
214,0.32,0.45,0.06,0,,,3,,12,84,,14,,,90,0.08,0.2,70,
215,0.8,0.33,0.15,0,,,5,,23,62,,98,,,60,0.65,0.71,45,
216,0.89,0.45,0.85,0,,,10,,32,59,,48,,,51,0.76,0.42,95,
217,0.33,0.02,0.3,0,,,2,,27,13,,62,,,66,0.23,0.95,73,
218,0.5,0.03,0.25,0,,,7,,38,38,,72,,,79,0.58,0.31,62,
219,0.59,0.33,0.73,0,,,11,,17,50,,38,,,6,0.41,0.95,89,
220,0.37,0.22,0.9,0,,,14,,20,40,,57,,,60,0.39,0.66,12,
221,0.28,0.41,0.17,0,,,7,,22,45,,70,,,82,0.31,0.91,56,
222,0.14,0.59,0.59,1,,,10,,24,56,,92,,,3,0.69,0.22,97,
223,0.15,0.0,0.52,1,,,3,,10,25,,58,,,9,0.32,0.99,89,
224,0.04,0.29,0.6,0,,,2,,31,33,,7,,,24,0.01,0.9,14,
225,0.04,0.08,0.29,1,,,13,,11,72,,9,,,53,0.49,0.55,72,
226,0.25,0.52,0.31,0,,,3,,15,34,,71,,,81,0.03,0.28,82,
227,0.85,0.46,0.35,0,,,1,,29,1,,90,,,26,0.09,0.33,40,
228,0.95,0.27,0.85,1,,,7,,39,92,,98,,,76,0.3,0.89,83,
229,0.22,0.4,0.38,1,,,4,,35,84,,0,,,93,0.7,0.46,77,
230,0.93,0.5,0.88,0,,,1,,11,64,,24,,,1,0.62,0.49,80,
231,0.29,0.47,0.84,1,,,3,,39,86,,25,,,34,0.47,0.11,70,
232,0.24,0.32,0.87,0,,,4,,13,16,,58,,,4,0.93,0.32,52,
233,0.18,0.6,0.07,0,,,2,,11,95,,30,,,5,0.28,0.37,16,
234,0.6,0.12,0.46,1,,,4,,34,16,,16,,,89,0.91,0.69,37,
235,0.8,0.02,0.49,0,,,11,,28,11,,64,,,69,0.69,0.05,12,
236,0.74,0.05,0.65,0,,,12,,25,72,,27,,,96,0.63,0.8,74,
237,0.17,0.87,0.73,0,,,10,,14,75,,38,,,94,0.13,0.08,94,
238,0.09,0.79,0.63,1,,,8,,12,73,,43,,,50,0.38,0.21,67,
239,0.81,0.73,0.98,1,,,10,,25,80,,76,,,60,0.43,0.19,97,
240,0.21,0.56,0.11,1,,,3,,21,22,,69,,,10,0.02,0.52,17,
241,0.45,0.22,0.85,0,,,9,,10,60,,66,,,100,0.08,0.77,85,
242,0.15,0.76,0.58,0,,,14,,37,99,,80,,,90,0.2,0.0,28,
243,0.18,0.22,0.44,0,,,8,,36,67,,18,,,10,0.9,0.46,96,
244,0.31,0.09,0.72,0,,,9,,26,91,,38,,,28,0.17,0.04,14,
245,0.85,0.17,0.72,0,,,2,,19,14,,47,,,39,0.14,0.17,12,
246,0.48,0.98,0.59,0,,,3,,15,23,,10,,,30,0.93,0.23,14,
247,0.92,0.86,0.46,0,,,6,,36,59,,25,,,53,0.99,0.33,0,
248,0.1,0.65,0.51,0,,,3,,39,6,,81,,,30,0.19,0.6,46,
249,0.89,0.39,0.74,0,,,5,,32,92,,87,,,46,0.91,0.62,53,
250,0.76,0.26,0.48,0,,,6,,35,1,,19,,,20,0.96,0.26,42,
251,0.9,0.01,0.96,0,,,6,,29,2,,10,,,19,0.93,0.7,9,
252,0.43,0.24,0.65,1,,,14,,14,37,,24,,,64,0.35,0.69,47,
253,0.21,0.73,0.58,1,,,7,,28,36,,54,,,41,0.9,0.15,88,
254,0.11,0.87,0.11,1,,,9,,21,3,,50,,,27,0.9,0.52,58,
255,0.13,0.6,0.27,1,,,7,,19,71,,2,,,96,0.3,0.66,99,
256,0.94,0.31,0.23,0,,,13,,33,1,,29,,,46,0.56,0.02,65,
257,0.63,0.3,0.48,0,,,3,,37,9,,84,,,16,0.02,0.94,52,
258,0.56,0.42,0.12,1,,,7,,30,7,,47,,,24,0.34,0.01,39,
259,0.58,0.5,0.32,1,,,8,,19,97,,76,,,41,0.49,0.02,3,
260,0.31,0.85,0.23,1,,,1,,40,86,,97,,,15,0.48,0.87,30,
261,0.71,0.37,0.49,1,,,3,,40,43,,59,,,1,0.14,0.05,37,
262,0.09,0.21,0.71,0,,,2,,39,11,,73,,,79,0.13,0.1,57,
263,0.74,0.22,0.35,0,,,1,,20,14,,24,,,61,0.31,0.91,96,
264,0.85,0.83,0.93,0,,,7,,19,62,,62,,,52,0.97,0.16,92,
265,0.28,0.23,0.09,1,,,14,,23,46,,6,,,34,0.41,0.18,26,
266,0.69,0.05,0.3,0,,,9,,31,60,,37,,,98,0.5,0.74,19,
267,0.93,0.25,0.59,0,,,2,,19,79,,54,,,46,0.08,0.64,50,
268,0.33,0.98,0.21,1,,,10,,11,21,,22,,,70,0.44,0.6,64,
269,0.06,0.36,0.68,0,,,6,,40,21,,30,,,14,0.89,0.76,73,
270,0.24,0.64,0.88,0,,,2,,11,89,,14,,,51,0.42,0.35,84,
271,0.03,0.8,0.35,1,,,3,,14,83,,13,,,0,0.07,0.63,10,
272,0.87,0.87,0.27,0,,,6,,25,1,,92,,,82,0.99,0.34,0,
273,0.75,0.29,0.44,0,,,5,,10,95,,33,,,67,0.2,0.68,52,
274,0.47,0.82,0.63,1,,,14,,35,55,,9,,,61,0.11,0.72,52,
275,0.6,0.35,0.28,0,,,8,,22,14,,41,,,27,0.65,0.25,43,
276,0.03,0.82,0.32,0,,,2,,33,94,,54,,,92,0.62,0.04,95,
277,0.74,0.66,0.02,1,,,14,,25,88,,29,,,55,0.61,0.95,43,
278,0.1,0.42,0.1,0,,,4,,32,15,,98,,,20,0.02,0.11,5,
279,0.97,0.91,0.94,0,,,5,,34,42,,51,,,31,0.42,0.92,6,
280,0.67,0.58,0.77,0,,,3,,37,72,,38,,,83,0.24,0.02,32,
281,0.04,0.97,0.64,1,,,11,,24,7,,58,,,69,0.94,0.66,88,
282,0.81,0.63,0.48,1,,,8,,18,100,,39,,,0,0.5,0.36,32,
283,0.19,0.13,0.0,0,,,14,,27,17,,94,,,36,0.3,0.63,8,
284,0.68,0.54,0.48,0,,,14,,18,70,,35,,,45,0.78,0.41,27,
285,0.79,0.44,0.2,1,,,7,,26,42,,51,,,5,0.47,0.18,22,
286,0.57,0.59,0.55,1,,,3,,16,48,,34,,,5,0.27,0.01,70,
287,0.46,0.87,0.69,0,,,9,,13,72,,22,,,17,0.48,0.69,19,
288,0.31,0.31,0.17,0,,,4,,32,64,,49,,,79,0.14,0.54,98,
289,0.09,0.32,0.87,0,,,2,,20,7,,64,,,38,0.45,0.21,13,
290,0.71,0.76,0.56,0,,,7,,33,25,,3,,,69,0.6,0.33,44,
291,0.85,0.39,0.9,0,,,11,,22,75,,65,,,21,0.26,0.37,11,
292,0.24,0.99,0.04,0,,,6,,24,60,,83,,,54,0.95,0.69,54,
293,0.03,0.19,0.25,0,,,13,,39,30,,22,,,81,0.55,0.72,96,
294,0.89,0.57,0.64,1,,,3,,24,85,,35,,,50,0.7,0.02,94,
295,0.22,0.86,0.35,0,,,1,,24,16,,89,,,24,0.36,0.8,29,
296,0.28,0.72,0.59,0,,,8,,18,22,,49,,,91,0.06,0.81,51,
297,0.45,0.83,0.2,1,,,12,,22,3,,57,,,78,0.19,0.22,96,
298,0.88,0.02,0.57,1,,,2,,15,63,,74,,,40,0.42,0.91,18,
299,0.29,0.62,0.02,1,,,3,,21,60,,23,,,91,0.04,0.71,96,
300,0.58,0.07,0.14,1,,,11,,30,18,,91,,,48,0.87,0.17,71,
301,0.37,0.91,0.87,1,,,1,,13,1,,26,,,59,0.88,0.05,39,
302,0.03,0.98,0.07,1,,,13,,29,74,,6,,,10,0.57,0.55,69,
303,0.33,0.65,0.36,1,,,14,,37,86,,48,,,98,0.71,0.94,4,
304,0.38,0.12,0.12,0,,,6,,12,51,,3,,,35,0.29,1.0,97,
305,0.94,0.99,0.91,1,,,11,,12,90,,75,,,0,0.5,0.51,67,
306,0.75,0.13,0.67,0,,,9,,18,56,,41,,,99,0.81,0.99,47,
307,0.67,0.82,0.92,0,,,9,,30,66,,42,,,26,0.56,0.82,40,
308,0.14,0.32,0.62,1,,,11,,18,12,,12,,,100,0.92,0.65,39,
309,0.61,0.11,0.25,1,,,14,,13,26,,91,,,67,0.85,0.33,50,
310,0.22,0.9,0.35,0,,,12,,22,1,,53,,,72,0.99,0.65,4,
311,0.35,0.96,0.41,1,,,13,,16,9,,48,,,30,0.48,0.9,91,
312,0.45,0.66,0.65,1,,,8,,21,94,,6,,,88,0.05,0.36,86,
313,0.42,0.38,0.83,1,,,2,,39,32,,46,,,47,0.59,0.12,86,
314,0.16,0.11,0.99,0,,,3,,24,73,,70,,,18,0.79,0.74,47,
315,0.94,0.49,0.96,1,,,6,,15,25,,20,,,90,0.61,0.26,22,
316,0.0,0.65,0.52,0,,,2,,14,42,,30,,,29,0.89,0.83,53,
317,0.89,0.37,0.51,1,,,1,,27,14,,10,,,45,0.23,0.96,96,
318,0.97,0.8,0.93,1,,,9,,37,26,,43,,,57,0.19,0.79,28,
319,0.17,0.34,0.87,0,,,5,,17,18,,53,,,66,0.89,0.97,28,
320,0.35,0.25,0.81,0,,,3,,13,27,,7,,,65,0.03,0.13,75,
321,0.77,0.39,0.78,1,,,5,,19,61,,41,,,81,0.01,0.69,63,
322,0.15,0.89,0.66,0,,,13,,37,58,,74,,,25,0.04,0.83,53,
323,0.62,0.09,0.26,1,,,5,,29,66,,38,,,67,0.96,0.59,40,
324,0.34,0.28,0.83,1,,,1,,33,2,,2,,,65,0.72,0.61,27,
325,0.27,0.08,0.85,1,,,6,,36,63,,32,,,20,0.21,0.98,83,
326,0.64,0.52,0.87,1,,,10,,40,99,,23,,,26,0.4,0.06,6,
327,0.13,0.37,0.17,0,,,1,,29,55,,58,,,69,0.38,0.57,84,
328,0.29,0.88,0.19,0,,,7,,10,60,,3,,,92,0.97,0.67,63,
329,0.07,0.55,0.43,0,,,11,,35,44,,83,,,33,0.44,0.66,39,
330,0.72,0.71,0.95,0,,,9,,17,17,,77,,,73,0.23,0.38,48,
331,0.66,0.35,0.43,0,,,1,,32,62,,86,,,94,0.01,0.36,14,
332,0.12,0.45,0.32,1,,,7,,13,21,,87,,,75,0.48,0.34,83,
333,0.58,0.8,0.52,1,,,6,,22,97,,66,,,59,0.95,0.32,53,
334,0.24,0.59,0.6,1,,,12,,25,83,,55,,,57,0.66,0.67,51,
335,0.62,0.99,0.61,1,,,7,,16,14,,100,,,43,0.61,0.7,65,
336,0.84,0.78,0.88,0,,,6,,13,76,,82,,,100,0.42,0.57,14,
337,0.11,0.05,0.45,1,,,7,,10,88,,40,,,27,0.1,0.93,5,
338,0.1,0.28,0.93,0,,,3,,39,5,,6,,,48,0.13,0.48,60,
339,0.42,0.44,0.7,1,,,11,,14,23,,4,,,81,0.57,0.49,15,
340,0.95,0.2,0.81,0,,,6,,15,26,,28,,,36,0.82,0.89,96,
341,0.87,0.78,0.57,1,,,4,,40,6,,60,,,49,0.78,0.36,71,
342,0.66,0.13,0.79,1,,,12,,29,51,,88,,,89,0.79,0.31,26,
343,0.34,0.3,0.56,0,,,14,,34,84,,3,,,68,0.64,0.74,63,
344,0.94,0.44,0.19,1,,,6,,18,42,,71,,,84,0.31,0.4,49,
345,0.44,0.8,0.83,0,,,11,,13,82,,11,,,76,0.31,0.45,47,
346,0.22,0.66,0.2,0,,,11,,40,27,,30,,,37,0.46,0.56,35,
347,0.73,0.54,0.62,1,,,3,,22,80,,25,,,8,0.05,0.93,34,
348,0.31,0.32,0.61,0,,,12,,28,91,,20,,,34,0.32,0.49,10,
349,0.53,0.85,0.26,0,,,12,,14,59,,26,,,70,0.71,0.61,83,
350,0.09,0.31,0.15,0,,,7,,25,82,,22,,,78,0.94,0.71,81,
351,0.39,0.9,0.13,0,,,7,,17,97,,30,,,73,0.85,0.33,83,
352,0.19,0.19,0.01,1,,,7,,12,18,,16,,,13,0.91,0.29,16,
353,0.2,0.33,0.56,0,,,5,,39,30,,41,,,87,0.83,0.57,0,
354,0.8,0.71,0.98,0,,,3,,27,25,,52,,,81,0.94,0.9,83,
355,0.19,1.0,0.57,1,,,6,,19,64,,66,,,83,0.58,0.49,72,
356,0.02,0.52,0.26,1,,,1,,37,63,,47,,,51,0.93,0.4,40,
357,0.33,0.16,0.89,0,,,4,,39,18,,58,,,56,0.99,0.53,0,
358,0.42,0.95,0.45,1,,,6,,20,65,,98,,,9,0.73,0.05,99,
359,0.55,0.17,0.93,1,,,7,,20,91,,44,,,83,0.4,0.66,92,
360,0.68,0.36,0.77,0,,,5,,32,5,,35,,,51,0.46,0.37,13,
361,0.92,0.16,0.99,1,,,1,,31,11,,57,,,46,0.89,0.17,16,
362,0.09,0.53,0.29,1,,,12,,18,82,,28,,,85,0.65,0.03,92,
363,0.79,0.28,0.33,0,,,13,,36,39,,79,,,31,0.04,0.0,2,
364,0.31,0.09,0.53,1,,,2,,27,39,,77,,,2,0.12,0.88,59,
365,0.57,0.44,0.83,1,,,10,,35,13,,89,,,56,0.36,0.29,67,
366,0.95,0.93,0.08,1,,,13,,38,2,,81,,,93,0.46,0.29,49,
367,0.31,0.58,0.5,1,,,4,,27,75,,35,,,54,0.01,0.18,91,
368,0.76,0.52,0.2,1,,,12,,20,82,,77,,,91,0.45,0.86,29,
369,0.68,0.85,0.43,0,,,1,,24,55,,54,,,18,0.07,0.82,11,
370,0.79,0.08,0.96,1,,,7,,26,9,,80,,,25,0.06,0.07,64,
371,0.1,0.35,0.47,0,,,14,,25,64,,3,,,27,0.58,0.05,79,
372,0.97,0.03,0.39,1,,,11,,14,84,,61,,,0,0.72,0.35,68,
373,0.74,0.07,0.35,1,,,5,,17,93,,38,,,39,0.56,0.29,39,
374,0.42,0.4,0.56,1,,,3,,19,46,,63,,,51,0.61,0.32,57,
375,0.89,0.04,0.93,1,,,12,,34,41,,37,,,25,0.65,0.65,35,
376,0.17,0.19,0.45,0,,,11,,19,20,,23,,,79,0.16,0.2,93,
377,0.72,0.66,0.55,0,,,9,,11,49,,49,,,65,0.23,0.38,11,
378,0.1,0.53,0.11,0,,,4,,35,27,,91,,,47,0.56,0.13,9,
379,0.13,0.51,0.12,0,,,9,,30,90,,78,,,24,0.45,0.37,64,
380,0.52,0.04,0.51,0,,,2,,22,0,,16,,,46,0.44,0.82,74,
381,0.25,0.11,0.48,1,,,13,,19,20,,12,,,8,0.29,0.07,6,
382,0.11,0.31,0.02,0,,,4,,28,70,,83,,,76,0.73,0.12,17,
383,0.44,0.43,0.36,0,,,1,,37,36,,92,,,41,0.49,0.78,79,
384,0.24,0.04,0.99,1,,,14,,38,71,,12,,,80,0.53,0.55,85,
385,0.17,0.83,0.96,0,,,2,,32,33,,6,,,61,0.27,0.88,66,
386,0.5,0.93,0.35,1,,,12,,36,70,,88,,,84,0.92,0.32,47,
387,0.84,0.45,0.26,1,,,1,,39,45,,52,,,81,0.32,0.71,44,
388,0.63,0.3,0.66,0,,,8,,30,25,,41,,,66,0.15,0.61,64,
389,0.59,0.51,0.9,0,,,13,,24,88,,30,,,96,0.0,0.47,16,
390,0.21,0.25,0.43,1,,,5,,11,87,,18,,,54,0.78,0.54,63,
391,0.95,0.8,0.58,1,,,4,,31,100,,40,,,12,0.65,0.93,3,
392,0.06,0.09,0.8,0,,,11,,22,60,,12,,,67,0.85,0.23,2,
393,0.77,0.96,0.64,1,,,1,,28,77,,78,,,51,0.86,0.14,27,
394,0.7,0.29,0.39,1,,,13,,31,88,,56,,,91,0.8,0.44,20,
395,0.53,0.2,0.78,1,,,9,,23,61,,48,,,68,0.39,0.24,85,
396,0.99,0.79,0.8,0,,,14,,22,25,,69,,,12,0.64,0.17,67,
397,0.28,0.35,0.59,1,,,12,,19,48,,28,,,12,0.21,0.2,55,
398,0.67,0.15,0.23,0,,,3,,23,10,,47,,,41,0.78,0.52,55,
399,0.98,0.14,0.41,1,,,11,,32,69,,36,,,77,0.6,0.3,45,
400,0.32,0.7,0.85,1,,,4,,10,86,,83,,,87,0.73,0.15,47,
401,0.35,0.32,0.02,0,,,4,,18,27,,74,,,34,0.74,0.35,27,
402,0.35,0.47,0.89,1,,,10,,36,72,,65,,,41,0.78,0.87,60,
403,0.21,0.67,0.34,0,,,8,,22,23,,64,,,99,0.16,0.4,57,
404,0.77,0.55,0.13,0,,,9,,35,59,,18,,,19,0.53,0.5,59,
405,0.93,0.76,0.02,1,,,14,,25,52,,37,,,8,0.22,0.36,30,
406,0.22,0.41,0.43,0,,,14,,37,33,,95,,,10,0.89,0.65,52,
407,0.63,0.47,0.28,0,,,13,,27,10,,12,,,80,0.59,0.26,87,
408,0.71,0.36,0.79,1,,,6,,16,50,,86,,,18,0.39,0.37,5,
409,0.8,0.93,0.07,0,,,9,,26,67,,5,,,48,0.01,0.41,0,
410,0.05,0.07,0.12,1,,,14,,35,89,,37,,,25,0.0,0.05,77,
411,0.32,0.88,0.43,1,,,6,,26,97,,78,,,79,0.78,0.47,96,
412,0.9,0.76,0.54,1,,,4,,12,35,,78,,,91,0.46,0.89,92,
413,0.53,0.42,0.41,1,,,11,,36,4,,80,,,22,0.43,0.39,90,
414,0.04,0.94,0.57,0,,,13,,22,68,,43,,,77,0.89,0.73,87,
415,0.26,0.6,0.62,0,,,14,,22,31,,45,,,51,0.12,0.74,69,
416,0.52,0.54,0.39,0,,,13,,28,61,,80,,,13,0.13,0.56,27,
417,0.7,0.08,0.34,1,,,6,,21,23,,65,,,54,0.16,0.02,20,
418,0.25,0.72,0.68,0,,,1,,24,37,,12,,,93,0.75,0.66,96,
419,0.81,0.29,0.97,0,,,9,,15,60,,24,,,36,0.66,0.81,71,
420,0.2,0.14,0.74,0,,,2,,14,11,,21,,,9,0.78,0.65,10,
421,0.64,0.65,0.47,1,,,12,,35,57,,20,,,65,0.85,0.18,67,
422,0.6,0.93,0.6,0,,,13,,33,16,,29,,,3,0.88,0.74,78,
423,0.08,0.53,0.86,1,,,12,,16,29,,23,,,82,0.98,0.0,2,
424,0.79,0.27,0.15,0,,,6,,16,45,,36,,,37,0.85,0.04,41,
425,0.18,0.69,0.27,0,,,14,,20,82,,64,,,14,0.06,0.65,46,
426,0.78,0.03,0.31,1,,,13,,33,32,,55,,,60,0.53,0.62,19,
427,0.93,0.94,0.21,0,,,2,,19,52,,17,,,2,0.76,0.3,10,
428,0.25,0.6,0.53,0,,,3,,37,42,,40,,,51,0.72,0.74,20,
429,0.08,0.8,0.54,0,,,7,,40,33,,8,,,14,0.16,0.05,45,
430,0.46,0.48,0.01,1,,,1,,22,82,,99,,,91,0.27,0.01,98,
431,0.25,0.18,0.34,1,,,12,,38,4,,82,,,83,0.97,0.89,64,
432,0.43,0.31,0.16,0,,,6,,18,88,,0,,,72,0.5,0.65,24,
433,0.86,0.16,0.91,0,,,1,,22,59,,61,,,51,0.41,0.49,24,
434,0.84,0.88,0.77,0,,,8,,22,22,,4,,,87,0.69,0.8,78,
435,0.22,0.74,0.82,1,,,3,,33,50,,48,,,43,0.85,0.8,56,
436,0.92,0.86,0.24,0,,,9,,21,64,,59,,,64,0.84,0.92,76,
437,0.29,0.98,0.71,1,,,4,,34,43,,2,,,20,0.16,0.86,77,
438,0.55,0.26,0.44,0,,,10,,12,87,,44,,,50,0.09,0.83,68,
439,0.82,0.74,0.02,0,,,5,,29,28,,37,,,70,0.91,0.48,66,
440,0.16,0.84,0.47,1,,,7,,24,14,,51,,,75,0.16,0.35,13,
441,0.46,0.87,0.48,1,,,4,,19,91,,64,,,37,0.04,0.51,45,
442,0.9,0.03,0.96,0,,,6,,20,17,,47,,,71,0.69,0.68,29,
443,0.02,0.23,0.28,0,,,4,,34,35,,22,,,13,0.74,0.47,71,
444,0.4,0.29,0.11,1,,,7,,21,2,,48,,,47,0.8,0.95,60,
445,0.4,0.94,0.61,1,,,13,,18,52,,0,,,48,0.95,0.64,26,
446,0.16,0.66,0.9,0,,,4,,13,85,,88,,,25,0.42,0.27,27,
447,0.91,0.74,0.82,0,,,6,,11,41,,25,,,33,0.48,0.9,45,
448,0.58,0.49,0.42,1,,,8,,22,28,,21,,,37,0.07,0.19,44,
449,0.26,0.11,0.54,0,,,6,,35,64,,67,,,78,0.03,0.64,74,
450,0.17,0.03,0.82,0,,,7,,40,7,,51,,,26,0.9,0.84,94,
451,0.52,0.94,0.53,0,,,13,,21,91,,73,,,30,0.56,0.61,6,
452,0.64,0.49,0.22,0,,,1,,17,32,,37,,,3,0.16,0.91,52,
453,0.49,0.36,0.52,0,,,3,,13,87,,16,,,74,0.43,0.08,76,
454,0.21,0.21,0.34,0,,,2,,16,77,,53,,,15,0.13,0.96,34,
455,0.31,0.09,1.0,1,,,1,,34,92,,1,,,60,0.28,0.02,22,
456,0.96,0.71,0.12,0,,,2,,33,17,,48,,,18,0.04,0.69,10,
457,0.17,0.89,0.97,1,,,10,,32,34,,86,,,33,0.44,0.51,57,
458,0.35,0.71,0.28,1,,,3,,30,13,,41,,,23,0.16,1.0,75,
459,0.63,0.56,0.12,1,,,2,,34,17,,5,,,79,0.14,0.1,44,
460,0.46,0.53,0.91,1,,,1,,29,62,,58,,,22,0.16,0.72,79,
461,0.42,0.55,0.75,0,,,3,,13,11,,18,,,9,0.76,0.84,74,
462,0.19,0.57,0.13,0,,,1,,18,79,,92,,,69,0.1,0.73,17,
463,0.15,0.28,0.91,0,,,11,,26,20,,55,,,100,0.89,0.62,66,
464,0.79,0.44,0.07,0,,,9,,23,29,,92,,,6,0.32,0.6,99,
465,0.14,0.91,0.13,0,,,5,,31,18,,13,,,77,0.94,0.51,84,
466,0.67,0.58,0.28,0,,,4,,22,43,,54,,,52,0.23,0.06,17,
467,0.61,0.81,0.23,1,,,4,,18,8,,7,,,95,0.89,0.43,33,
468,0.61,0.85,0.12,0,,,12,,34,44,,84,,,82,0.19,0.2,64,
469,0.19,0.82,0.69,1,,,9,,17,28,,0,,,94,0.18,0.26,37,
470,0.9,0.17,0.89,1,,,6,,31,30,,47,,,40,0.2,0.16,93,
471,0.6,0.75,0.15,0,,,10,,40,16,,41,,,68,0.77,0.89,58,
472,0.28,0.34,0.04,0,,,11,,18,30,,60,,,21,0.35,0.71,66,
473,0.28,0.97,0.49,0,,,5,,18,29,,98,,,91,0.73,0.18,71,
474,0.66,0.82,0.65,0,,,1,,12,68,,71,,,13,0.3,0.6,31,
475,0.05,0.94,0.56,0,,,13,,18,68,,67,,,88,0.34,0.43,76,
476,0.04,0.68,0.41,1,,,6,,40,91,,64,,,51,0.51,0.84,40,
477,0.23,0.47,0.41,1,,,11,,34,25,,88,,,17,0.02,0.75,21,
478,0.06,0.08,0.52,1,,,7,,30,49,,52,,,73,0.2,1.0,64,
479,0.3,0.91,0.82,0,,,3,,17,87,,19,,,85,0.12,0.2,77,
480,0.06,0.25,0.98,1,,,5,,25,28,,80,,,42,0.48,0.92,94,
481,0.86,0.89,0.87,0,,,1,,39,59,,2,,,90,0.85,0.85,72,
482,0.72,0.87,0.5,1,,,7,,10,46,,69,,,75,0.05,0.48,60,
483,0.13,0.56,0.86,1,,,5,,15,41,,79,,,7,0.86,0.14,91,
484,0.86,0.62,0.57,0,,,5,,34,12,,51,,,9,0.25,0.72,31,
485,0.67,0.36,0.53,1,,,7,,39,30,,54,,,23,0.89,0.98,8,
486,0.18,0.74,0.71,1,,,12,,39,92,,7,,,15,0.51,0.07,6,
487,0.92,0.34,0.85,1,,,1,,22,5,,78,,,81,0.39,0.68,10,
488,0.17,0.47,0.2,1,,,2,,17,29,,65,,,76,0.24,0.96,10,
489,0.06,0.78,0.41,0,,,3,,35,47,,5,,,18,0.65,0.36,71,
490,0.22,0.55,0.98,0,,,11,,13,24,,35,,,84,0.4,0.26,68,
491,0.51,0.8,0.46,1,,,8,,33,95,,33,,,60,0.19,0.94,69,
492,0.06,0.58,0.42,1,,,10,,22,90,,63,,,31,0.37,0.94,52,
493,0.72,0.69,0.88,0,,,9,,12,14,,86,,,70,0.64,0.4,37,
494,0.12,0.09,0.9,0,,,14,,22,83,,96,,,61,0.48,0.53,12,
495,0.63,0.41,0.92,0,,,2,,20,90,,27,,,84,0.02,0.83,22,
496,0.41,0.72,0.37,1,,,9,,11,98,,47,,,33,0.63,0.35,16,
497,0.86,0.39,0.55,0,,,6,,21,17,,93,,,72,0.47,0.76,45,
498,0.33,0.6,0.06,1,,,14,,25,37,,82,,,93,0.85,0.1,45,
499,0.76,0.57,0.42,0,,,7,,20,8,,37,,,15,0.22,0.89,0,
500,0.89,0.2,0.33,1,,,4,,10,78,,40,,,42,0.5,0.53,65,
501,0.82,0.33,0.38,1,,,9,,24,97,,83,,,62,0.75,0.76,72,
502,0.82,0.58,0.18,0,,,5,,38,26,,28,,,9,0.02,0.22,12,
503,0.67,0.3,0.75,1,,,12,,26,24,,58,,,71,0.23,0.15,98,
504,0.02,0.12,0.42,0,,,14,,27,56,,66,,,63,0.44,0.64,81,
505,0.91,0.5,0.51,1,,,4,,21,100,,56,,,50,0.38,1.0,89,
506,0.79,1.0,0.91,0,,,1,,16,96,,97,,,10,0.64,0.93,14,
507,0.69,0.99,0.08,1,,,7,,14,63,,63,,,27,0.95,0.24,37,
508,0.92,0.62,0.39,0,,,3,,32,33,,44,,,52,1.0,0.47,38,
509,0.34,0.24,0.79,0,,,10,,31,6,,34,,,99,0.21,0.91,49,
510,0.86,0.49,0.29,0,,,1,,25,24,,54,,,89,0.22,0.0,72,
511,0.18,1.0,1.0,0,,,9,,27,90,,19,,,67,0.29,0.87,90,
512,0.13,0.7,0.92,0,,,7,,22,51,,41,,,16,0.37,0.51,38,
513,0.89,0.99,0.01,1,,,4,,14,100,,62,,,39,0.89,0.68,0,
514,0.88,0.78,0.46,0,,,8,,34,39,,24,,,26,0.66,0.12,1,
515,1.0,0.39,0.51,1,,,5,,29,82,,12,,,78,0.26,0.45,14,
516,0.71,0.22,0.21,0,,,14,,30,99,,79,,,94,0.4,0.49,21,
517,0.62,0.88,0.7,1,,,8,,39,22,,95,,,38,0.91,0.64,71,
518,0.73,0.99,0.46,0,,,11,,25,58,,63,,,12,0.48,0.15,60,
519,0.47,0.66,0.29,0,,,4,,28,89,,71,,,8,0.61,0.57,94,
520,0.82,0.23,0.27,0,,,11,,25,66,,23,,,75,0.4,0.47,11,
521,0.2,0.91,0.75,0,,,7,,14,82,,63,,,11,0.62,0.51,13,
522,0.03,0.64,0.56,0,,,3,,16,50,,77,,,56,0.76,0.7,78,
523,0.24,0.7,0.3,1,,,3,,25,44,,27,,,33,0.65,0.81,79,
524,0.06,0.64,0.85,0,,,14,,23,22,,62,,,61,0.29,0.33,12,
525,0.53,0.97,0.23,0,,,12,,19,15,,72,,,82,0.76,0.07,80,
526,0.25,0.45,0.23,0,,,12,,22,18,,45,,,79,0.43,0.09,95,
527,0.23,0.6,0.68,1,,,11,,26,14,,99,,,7,0.26,0.04,17,
528,0.35,0.63,0.47,0,,,7,,31,18,,13,,,66,0.12,0.29,79,
529,0.5,0.45,0.77,1,,,8,,25,0,,91,,,8,0.72,0.21,25,
530,0.87,0.74,0.91,1,,,7,,38,83,,5,,,20,0.56,0.88,20,
531,0.14,0.02,0.48,0,,,7,,33,40,,28,,,26,0.29,0.19,35,
532,0.02,0.2,0.19,0,,,9,,39,66,,53,,,21,0.78,0.89,37,
533,0.66,0.61,0.49,0,,,8,,40,98,,38,,,95,0.58,0.02,6,
534,0.97,0.38,0.99,0,,,14,,40,63,,54,,,25,0.96,0.65,54,
535,0.26,0.07,0.4,0,,,13,,40,38,,17,,,96,0.12,0.5,75,
536,0.68,0.64,0.26,0,,,6,,30,67,,60,,,93,0.12,0.99,85,
537,0.38,0.72,0.59,0,,,10,,37,99,,26,,,85,0.58,0.32,18,
538,0.03,0.31,0.06,0,,,12,,26,48,,65,,,8,0.55,0.82,66,
539,0.6,0.74,0.01,1,,,8,,34,67,,61,,,13,0.97,0.34,90,
540,0.58,0.19,0.28,1,,,8,,22,51,,57,,,70,0.98,0.91,13,
541,0.21,0.18,0.2,0,,,4,,32,42,,2,,,81,0.53,0.59,56,
542,0.4,0.33,0.28,1,,,9,,26,75,,6,,,54,0.73,0.65,30,
543,0.66,0.44,0.66,1,,,7,,29,76,,83,,,31,0.03,0.51,6,
544,0.61,0.37,0.61,1,,,12,,29,0,,67,,,6,0.24,0.77,60,
545,0.46,0.23,0.45,0,,,2,,31,84,,46,,,38,0.79,0.76,75,
546,0.1,0.91,0.12,1,,,5,,32,97,,3,,,65,0.19,0.19,10,
547,0.97,0.22,0.29,1,,,2,,22,78,,36,,,100,0.25,0.52,84,
548,0.92,0.24,0.85,0,,,5,,13,71,,16,,,44,0.23,0.55,48,
549,0.52,0.58,0.85,0,,,11,,12,21,,96,,,85,0.75,0.45,50,
550,0.65,0.77,0.6,0,,,5,,28,78,,91,,,8,0.37,0.31,86,
551,0.24,0.74,0.5,0,,,10,,18,62,,13,,,3,0.26,0.56,81,
552,0.41,0.89,0.42,0,,,5,,29,53,,92,,,20,0.01,0.84,86,
553,0.18,0.17,0.68,0,,,7,,16,83,,65,,,12,0.08,0.5,60,
554,0.87,0.09,0.86,0,,,5,,12,98,,30,,,51,0.43,0.19,83,
555,0.27,0.34,0.57,1,,,3,,11,87,,23,,,52,0.47,0.15,55,
556,0.76,0.35,0.28,1,,,10,,10,51,,52,,,58,0.86,0.45,88,
557,0.33,0.41,0.33,1,,,4,,15,31,,17,,,56,0.73,0.73,70,
558,0.62,0.79,0.19,0,,,12,,14,56,,51,,,53,0.11,0.29,6,
559,0.78,0.41,0.93,1,,,1,,13,19,,31,,,20,0.8,0.25,93,
560,0.35,0.77,0.0,0,,,12,,20,45,,37,,,15,0.35,0.84,38,
561,0.81,0.76,0.33,0,,,4,,17,0,,16,,,77,0.02,0.86,96,
562,0.28,0.06,0.86,1,,,6,,19,12,,18,,,13,0.91,0.89,80,
563,0.76,0.67,0.58,1,,,1,,40,58,,96,,,68,0.76,0.4,1,
564,0.97,0.53,0.54,1,,,1,,26,22,,75,,,18,0.91,0.91,23,
565,0.65,0.28,0.35,1,,,7,,32,18,,77,,,38,0.29,0.39,90,
566,0.69,1.0,0.7,0,,,8,,25,86,,12,,,91,0.73,0.91,56,
567,0.82,0.55,0.11,0,,,14,,20,86,,90,,,18,0.23,0.37,62,
568,0.35,0.56,0.78,1,,,3,,19,20,,22,,,93,0.09,0.01,8,
569,0.05,0.85,0.42,0,,,9,,33,39,,45,,,65,0.96,0.18,14,
570,0.38,0.88,0.9,1,,,7,,17,9,,32,,,76,0.51,0.5,68,
571,0.68,0.3,0.76,1,,,5,,36,44,,18,,,97,0.61,0.13,64,
572,0.08,0.41,0.35,1,,,10,,34,50,,74,,,95,0.29,0.28,16,
573,0.47,0.16,0.22,1,,,1,,25,7,,34,,,14,0.55,0.98,81,
574,0.47,0.23,0.92,1,,,9,,38,84,,38,,,38,0.82,0.11,71,
575,0.27,0.95,0.26,1,,,12,,20,67,,81,,,54,0.51,0.78,2,
576,0.16,0.84,0.98,1,,,5,,16,62,,41,,,88,0.55,0.73,95,
577,0.07,0.85,0.13,0,,,8,,39,24,,57,,,64,0.88,0.08,1,
578,0.58,0.24,0.48,0,,,6,,19,48,,38,,,78,0.03,0.58,43,
579,0.48,0.84,0.97,1,,,13,,21,89,,56,,,42,0.68,0.23,62,
580,0.33,0.69,0.41,0,,,9,,33,2,,3,,,82,0.67,0.01,78,
581,0.38,0.13,0.8,0,,,6,,39,88,,75,,,44,0.59,0.79,28,
582,0.95,0.85,0.8,0,,,14,,21,44,,31,,,52,0.56,0.04,46,
583,0.16,0.76,0.95,1,,,7,,18,71,,100,,,23,0.8,0.55,94,
584,0.62,0.95,0.78,1,,,14,,13,6,,50,,,89,0.45,0.59,23,
585,0.16,0.76,0.57,1,,,2,,39,15,,86,,,7,0.79,0.41,8,
586,0.99,0.32,0.24,1,,,5,,28,40,,26,,,11,0.2,0.19,74,
587,1.0,0.54,0.67,1,,,6,,33,79,,31,,,0,0.94,0.64,83,
588,0.34,0.42,0.28,0,,,7,,37,2,,22,,,89,0.08,0.21,49,
589,0.56,0.33,0.58,1,,,7,,37,18,,59,,,62,0.76,0.27,73,
590,0.53,0.07,0.77,0,,,5,,27,19,,34,,,89,0.92,0.37,95,
591,0.39,0.15,0.48,1,,,11,,34,82,,63,,,47,0.74,0.48,18,
592,0.59,0.15,0.44,1,,,2,,29,32,,71,,,51,0.22,0.16,4,
593,0.49,0.47,0.9,0,,,13,,11,59,,61,,,25,0.27,0.68,4,
594,0.36,0.96,0.6,0,,,12,,25,40,,2,,,67,0.84,0.02,34,
595,0.87,0.94,0.07,1,,,7,,20,63,,44,,,22,0.48,0.3,34,
596,0.96,0.32,0.58,0,,,2,,14,5,,89,,,80,0.1,0.0,86,
597,0.87,0.38,0.03,0,,,11,,40,86,,0,,,80,0.11,0.85,29,
598,0.68,0.95,0.67,0,,,1,,33,97,,9,,,31,0.85,0.44,44,
599,0.16,0.61,0.54,1,,,11,,27,99,,40,,,41,0.17,0.44,31,
600,0.04,0.03,0.56,1,,,1,,10,70,,44,,,49,0.85,0.73,16,
601,0.1,0.96,0.76,1,,,7,,25,62,,62,,,86,0.61,0.1,95,
602,0.56,0.78,0.06,1,,,12,,35,16,,27,,,48,0.75,0.93,5,
603,0.94,0.55,0.05,0,,,2,,10,62,,55,,,31,0.91,0.38,72,
604,0.64,0.73,0.66,0,,,6,,34,0,,4,,,83,0.04,0.79,56,
605,0.84,0.89,0.1,1,,,2,,36,32,,82,,,52,0.59,0.36,6,
606,0.14,0.43,0.24,1,,,2,,19,46,,81,,,95,0.46,0.47,63,
607,0.75,0.81,0.0,1,,,10,,23,11,,92,,,35,0.23,0.81,19,
608,0.18,0.23,0.44,0,,,1,,39,95,,62,,,70,0.75,0.5,70,
609,0.99,0.68,0.91,0,,,4,,40,98,,15,,,40,0.26,0.08,20,
610,0.43,0.93,0.91,0,,,7,,14,2,,41,,,66,0.96,0.05,54,
611,0.75,0.25,0.74,1,,,10,,14,27,,8,,,46,0.14,0.72,80,
612,0.38,0.65,0.98,0,,,12,,27,40,,77,,,54,0.1,0.11,77,
613,0.63,0.96,0.42,0,,,12,,29,10,,57,,,36,0.38,0.27,33,
614,0.26,0.32,0.12,0,,,3,,30,85,,69,,,22,0.89,0.54,8,
615,0.75,0.18,0.89,0,,,6,,32,78,,91,,,52,0.03,0.59,1,
616,0.88,0.86,0.9,0,,,11,,14,95,,18,,,34,0.58,0.42,99,
617,0.1,0.9,0.46,1,,,5,,30,39,,39,,,25,0.19,0.31,68,
618,0.9,0.52,0.08,1,,,9,,38,69,,76,,,45,0.53,0.07,82,
619,0.06,0.2,0.36,1,,,2,,39,84,,42,,,33,0.57,0.92,42,
620,0.59,0.99,0.51,0,,,8,,10,52,,16,,,65,0.35,0.43,70,
621,0.24,0.74,0.39,0,,,11,,25,62,,69,,,40,0.46,0.98,75,
622,0.64,0.26,0.46,1,,,6,,13,18,,94,,,16,0.62,0.19,28,
623,0.85,0.14,0.21,0,,,14,,14,8,,49,,,21,0.65,0.6,32,
624,0.25,0.79,0.49,0,,,12,,19,1,,3,,,99,0.69,0.66,4,
625,0.59,0.82,0.45,1,,,14,,36,37,,21,,,9,0.47,0.06,31,
626,0.11,0.76,0.31,1,,,14,,25,29,,34,,,8,0.63,0.49,1,
627,0.42,0.78,0.0,1,,,7,,13,70,,93,,,88,0.49,0.97,9,
628,0.1,0.96,0.95,0,,,2,,27,12,,29,,,1,0.86,0.7,88,
629,0.13,0.05,0.86,1,,,1,,24,93,,71,,,48,0.27,0.7,3,
630,0.09,0.48,0.18,1,,,2,,15,60,,68,,,26,0.45,0.29,95,
631,0.75,0.69,0.75,0,,,14,,33,51,,94,,,59,0.55,0.88,46,
632,0.43,0.14,0.39,0,,,6,,33,76,,64,,,26,0.15,0.58,60,
633,0.37,0.2,0.63,0,,,2,,15,88,,14,,,6,0.14,0.06,41,
634,0.6,0.04,0.91,0,,,11,,25,87,,30,,,5,0.03,0.46,23,
635,0.65,0.94,0.93,0,,,8,,20,0,,71,,,24,0.52,0.47,94,
636,0.02,0.98,0.86,0,,,10,,29,0,,56,,,83,0.61,0.39,20,
637,0.35,0.8,0.25,1,,,13,,15,100,,24,,,90,0.52,0.28,44,
638,0.56,0.28,0.53,1,,,4,,27,19,,70,,,24,0.31,0.28,89,
639,0.08,0.15,0.42,1,,,7,,29,55,,81,,,11,0.59,0.43,85,
640,0.41,0.29,0.01,0,,,13,,17,87,,9,,,7,0.93,0.92,97,
641,0.96,0.66,0.78,0,,,13,,32,73,,55,,,54,0.8,0.06,33,
642,0.66,0.48,0.03,1,,,12,,28,8,,44,,,8,0.94,0.58,33,
643,0.5,0.26,0.53,0,,,8,,39,23,,82,,,29,0.8,0.67,25,
644,0.68,0.11,0.2,0,,,2,,27,43,,28,,,63,0.03,0.8,89,
645,0.95,0.5,0.14,0,,,6,,25,63,,14,,,22,0.23,0.02,71,
646,0.21,0.19,0.66,1,,,10,,36,91,,38,,,16,0.83,0.39,90,
647,0.64,0.41,0.47,0,,,3,,16,80,,85,,,0,0.18,0.23,50,
648,0.74,0.48,0.6,1,,,8,,15,79,,94,,,60,0.81,0.05,10,
649,0.24,0.35,0.2,1,,,2,,25,1,,80,,,1,0.79,0.92,21,
650,0.91,0.75,0.97,1,,,10,,27,88,,87,,,14,0.73,0.81,46,
651,0.81,0.48,1.0,0,,,11,,33,60,,95,,,7,0.76,0.54,23,
652,0.27,0.55,0.3,0,,,4,,20,67,,3,,,74,0.78,0.58,57,
653,0.4,0.29,0.1,1,,,3,,35,25,,89,,,56,0.07,0.39,71,
654,0.44,0.98,0.45,1,,,2,,21,52,,85,,,71,0.66,0.69,49,
655,0.93,0.93,0.97,0,,,11,,34,34,,85,,,25,0.41,0.58,8,
656,0.99,0.74,0.7,0,,,13,,25,76,,66,,,80,0.73,0.32,49,
657,0.55,0.19,0.05,1,,,4,,24,53,,94,,,68,0.54,0.73,33,
658,0.45,0.48,0.23,1,,,11,,20,2,,43,,,52,0.99,0.42,51,
659,0.26,0.65,0.55,0,,,12,,32,43,,4,,,70,0.28,0.95,33,
660,0.05,0.37,0.75,1,,,12,,13,59,,30,,,51,0.23,0.54,27,
661,0.45,0.87,0.7,1,,,9,,25,20,,11,,,54,0.1,0.06,24,
662,0.18,0.28,0.85,0,,,3,,31,47,,51,,,15,0.21,0.56,67,
663,0.6,0.26,0.3,1,,,14,,20,59,,84,,,30,0.46,0.41,88,
664,0.3,0.79,0.25,0,,,8,,17,14,,69,,,100,0.43,0.02,19,
665,0.02,0.29,0.51,0,,,11,,18,83,,3,,,90,0.64,0.53,84,
666,0.41,0.9,0.57,1,,,11,,24,83,,67,,,69,0.41,0.54,43,
667,0.66,1.0,0.86,1,,,14,,18,51,,19,,,64,0.75,0.78,53,
668,0.19,0.13,0.74,1,,,13,,18,43,,2,,,8,0.18,0.39,43,
669,0.99,0.29,0.56,0,,,10,,31,31,,42,,,84,0.43,0.39,69,
670,0.18,0.05,0.72,1,,,5,,33,70,,72,,,25,0.98,0.12,29,
671,0.67,0.44,0.67,1,,,11,,35,92,,58,,,63,0.98,0.99,89,
672,0.82,0.89,0.69,0,,,8,,39,89,,72,,,52,0.2,0.41,15,
673,0.62,0.16,0.72,0,,,13,,10,66,,71,,,32,0.17,0.88,75,
674,0.33,0.28,0.84,1,,,5,,40,35,,63,,,37,0.27,0.21,8,
675,0.75,0.18,0.97,1,,,13,,34,97,,37,,,49,0.44,0.46,62,
676,0.87,0.5,0.53,1,,,5,,25,13,,80,,,58,0.41,0.45,77,
677,0.84,0.49,0.86,0,,,5,,11,22,,94,,,62,0.53,0.57,18,
678,0.27,0.49,0.84,0,,,13,,28,72,,16,,,16,0.41,0.08,25,
679,0.38,0.23,0.3,0,,,5,,31,64,,30,,,69,0.33,0.72,60,
680,0.72,0.86,0.12,1,,,3,,38,49,,66,,,50,0.26,0.38,49,
681,0.09,0.95,0.61,1,,,5,,33,4,,8,,,41,0.28,0.02,34,
682,0.57,0.29,0.6,1,,,3,,10,72,,85,,,91,0.46,0.6,33,
683,0.54,0.44,0.18,0,,,2,,37,8,,26,,,78,0.03,0.36,34,
684,0.09,0.33,0.65,0,,,8,,26,81,,18,,,99,0.59,0.83,16,
685,0.85,0.68,0.59,1,,,13,,26,30,,17,,,33,0.68,0.4,32,
686,0.41,0.12,0.42,0,,,12,,35,17,,7,,,23,0.73,0.13,13,
687,0.8,0.01,0.42,0,,,14,,38,0,,28,,,28,0.01,0.72,0,
688,1.0,0.22,0.19,0,,,6,,24,53,,83,,,57,0.17,0.43,97,
689,0.99,0.39,0.05,0,,,14,,32,31,,90,,,98,0.57,0.75,58,
690,0.57,0.58,0.6,1,,,5,,11,41,,58,,,25,0.44,0.72,51,
691,0.07,0.39,0.82,1,,,13,,27,67,,12,,,74,0.89,0.93,32,
692,0.22,0.55,0.58,1,,,3,,22,16,,79,,,69,0.04,0.91,22,
693,0.07,0.95,0.02,0,,,2,,23,31,,24,,,36,0.77,0.61,15,
694,0.03,0.08,0.87,1,,,1,,12,71,,93,,,46,0.31,0.21,9,
695,0.71,0.16,0.12,0,,,2,,38,34,,67,,,31,0.58,0.54,49,
696,0.6,0.8,0.61,0,,,1,,35,78,,97,,,1,0.31,0.68,78,
697,0.83,0.69,0.98,1,,,4,,36,46,,63,,,78,0.01,0.38,61,
698,0.69,0.91,0.04,0,,,6,,27,61,,18,,,26,0.2,0.04,80,
699,0.53,0.5,0.81,1,,,7,,35,74,,61,,,5,0.35,0.65,87,
700,0.37,0.82,0.96,1,,,6,,38,70,,16,,,3,0.49,0.89,25,
701,0.96,0.7,0.56,0,,,3,,23,61,,41,,,73,0.81,0.88,54,
702,0.87,0.56,0.88,1,,,14,,40,27,,52,,,78,0.77,0.59,96,
703,0.63,0.53,0.79,0,,,13,,10,96,,47,,,15,0.38,0.49,87,
704,0.0,0.73,0.87,0,,,7,,20,93,,64,,,62,0.3,0.79,80,
705,0.62,0.98,0.98,1,,,6,,14,28,,80,,,34,0.82,0.92,83,
706,0.93,0.05,0.66,1,,,8,,20,94,,79,,,87,0.94,0.37,82,
707,0.8,0.59,0.04,0,,,7,,29,80,,89,,,8,0.23,0.28,1,
708,0.68,0.81,0.99,1,,,13,,28,83,,50,,,74,0.06,0.4,11,
709,0.89,0.36,0.0,1,,,12,,39,76,,67,,,85,0.89,0.33,34,
710,0.4,0.22,0.81,1,,,5,,14,12,,97,,,19,0.9,0.02,19,
711,0.03,0.85,0.57,1,,,14,,34,98,,50,,,19,0.59,0.63,85,
712,0.24,0.79,0.74,1,,,1,,25,40,,47,,,43,0.69,0.46,97,
713,0.95,0.94,0.7,1,,,2,,11,56,,38,,,49,0.25,0.02,91,
714,0.58,0.65,0.11,0,,,10,,39,14,,73,,,82,0.86,0.66,10,
715,0.34,0.52,0.08,1,,,5,,23,47,,35,,,37,0.11,0.82,2,
716,0.02,0.27,0.58,0,,,2,,10,90,,49,,,78,0.74,0.06,78,
717,0.99,0.11,0.23,1,,,11,,19,46,,90,,,89,0.28,0.32,24,
718,0.28,0.04,0.01,0,,,12,,15,47,,29,,,94,0.56,0.24,49,
719,0.87,0.23,0.91,1,,,14,,26,14,,17,,,5,0.41,0.01,6,
720,0.3,0.65,0.14,1,,,11,,36,25,,95,,,34,0.67,0.45,18,
721,0.11,0.62,0.18,1,,,13,,39,58,,93,,,5,0.9,0.51,81,
722,0.75,0.2,0.14,0,,,5,,24,40,,87,,,83,0.44,0.24,17,
723,0.72,0.21,0.75,0,,,14,,10,93,,89,,,65,0.49,0.24,34,
724,0.76,0.56,0.82,0,,,9,,34,98,,72,,,35,0.54,0.96,48,
725,0.47,0.45,0.37,1,,,9,,35,82,,1,,,37,0.38,0.45,21,
726,0.46,0.26,0.2,1,,,13,,33,23,,18,,,95,0.29,0.48,35,
727,0.26,0.44,0.73,0,,,6,,16,72,,19,,,43,0.47,0.33,58,
728,0.82,0.85,0.84,0,,,11,,36,0,,89,,,74,0.4,0.64,14,
729,0.28,0.91,0.31,1,,,6,,11,85,,61,,,77,0.83,0.76,83,
730,0.34,0.07,0.63,1,,,7,,22,92,,49,,,23,0.94,0.73,4,
731,0.66,0.14,0.62,1,,,11,,17,57,,56,,,11,0.79,0.46,23,
732,0.38,0.43,0.89,1,,,11,,11,31,,33,,,11,1.0,0.98,83,
733,0.09,0.28,0.87,1,,,7,,14,98,,89,,,7,0.98,0.14,46,
734,0.9,0.69,0.09,1,,,10,,11,7,,97,,,18,0.07,0.07,35,
735,0.58,0.94,0.2,0,,,12,,24,4,,9,,,90,0.77,0.14,40,
736,0.0,0.3,0.87,0,,,11,,26,37,,74,,,97,0.38,0.5,66,
737,0.91,0.14,0.85,1,,,11,,23,40,,53,,,80,0.73,0.86,13,
738,0.87,0.49,0.9,0,,,10,,25,73,,78,,,97,0.62,0.85,93,
739,0.63,0.04,0.06,0,,,5,,32,14,,51,,,16,0.22,0.01,8,
740,0.42,0.34,0.07,1,,,6,,32,73,,70,,,74,0.26,0.72,29,
741,0.8,0.61,0.1,1,,,9,,14,49,,20,,,40,0.27,0.96,19,
742,0.74,0.81,0.78,0,,,10,,19,80,,39,,,57,0.32,0.25,7,
743,0.55,0.75,0.38,1,,,10,,23,40,,73,,,52,0.2,0.04,73,
744,0.66,0.94,0.93,1,,,13,,30,13,,46,,,0,0.3,0.62,44,
745,0.88,0.01,0.95,0,,,12,,18,96,,82,,,36,0.6,0.7,78,
746,0.58,0.42,0.9,0,,,7,,40,24,,4,,,90,0.45,0.42,7,
747,0.95,0.79,0.26,0,,,3,,20,61,,66,,,97,0.51,0.86,20,
748,0.15,0.73,0.26,0,,,5,,16,14,,46,,,82,0.87,0.2,28,
749,0.73,0.27,0.75,1,,,8,,32,46,,15,,,53,0.9,0.16,50,
750,0.62,0.52,0.67,0,,,14,,10,0,,84,,,8,0.9,0.26,50,
751,0.62,0.92,0.31,1,,,13,,11,18,,77,,,88,0.06,0.33,2,
752,0.27,0.09,0.64,1,,,7,,30,33,,31,,,95,0.37,1.0,79,
753,0.18,0.75,0.26,0,,,6,,23,55,,16,,,97,0.85,0.73,35,
754,0.31,0.08,0.37,1,,,9,,30,64,,55,,,65,0.06,0.69,7,
755,0.11,0.61,0.4,1,,,9,,16,57,,93,,,2,0.28,0.79,94,
756,0.81,0.44,0.51,1,,,9,,29,57,,35,,,14,0.04,0.13,18,
757,0.03,0.97,0.78,1,,,4,,40,34,,83,,,68,0.33,0.46,70,
758,0.87,0.32,0.63,0,,,9,,13,97,,93,,,73,0.53,0.48,62,
759,0.93,0.55,0.74,1,,,10,,14,49,,86,,,4,0.1,0.26,21,
760,0.13,0.52,0.02,1,,,9,,37,63,,7,,,2,0.65,0.87,48,
761,0.23,0.16,0.55,1,,,5,,24,65,,97,,,64,0.29,0.54,57,
762,0.28,0.55,0.34,1,,,11,,22,90,,68,,,78,0.85,0.24,6,
763,0.74,0.89,0.34,1,,,7,,13,55,,48,,,83,0.34,0.74,24,
764,0.68,0.33,0.03,1,,,7,,30,47,,5,,,45,0.97,0.95,70,
765,0.49,0.08,0.56,0,,,14,,20,80,,50,,,40,0.88,0.78,79,
766,0.34,0.16,0.44,1,,,7,,21,92,,30,,,99,0.56,0.1,31,
767,0.45,0.4,0.92,1,,,1,,17,68,,15,,,94,0.1,0.29,99,
768,0.4,0.93,0.32,0,,,11,,36,61,,100,,,32,0.14,0.33,6,
769,0.18,0.37,0.69,0,,,9,,33,41,,96,,,51,0.13,0.68,37,
770,0.68,0.74,0.3,1,,,9,,26,80,,17,,,83,0.83,0.91,27,
771,0.67,0.54,0.58,1,,,13,,15,1,,79,,,45,0.42,0.09,50,
772,0.07,0.56,0.17,0,,,6,,18,46,,33,,,82,0.75,0.17,51,
773,0.94,0.81,0.89,0,,,3,,19,15,,94,,,67,0.27,0.67,79,
774,0.52,0.37,0.17,0,,,5,,12,13,,70,,,13,0.4,0.1,20,
775,0.32,0.34,0.47,0,,,2,,27,23,,11,,,81,0.67,0.63,35,
776,0.85,0.44,0.84,1,,,6,,28,12,,18,,,10,0.72,0.58,55,
777,0.29,0.53,0.8,0,,,5,,28,92,,66,,,49,0.97,0.33,4,
778,0.68,0.38,0.15,1,,,12,,30,32,,16,,,18,0.09,0.25,4,
779,0.77,0.21,0.79,1,,,8,,15,2,,70,,,57,0.59,0.25,63,
780,0.75,0.54,0.79,1,,,5,,18,36,,29,,,91,0.83,0.81,69,
781,0.21,0.15,0.93,0,,,1,,17,4,,60,,,70,0.54,0.04,80,
782,0.47,0.07,0.95,1,,,5,,10,66,,58,,,23,0.97,0.31,45,
783,0.94,0.49,0.05,1,,,7,,20,73,,75,,,36,0.43,0.83,5,
784,0.88,0.28,0.88,0,,,11,,25,13,,58,,,11,0.29,0.51,92,
785,0.71,0.28,0.73,0,,,14,,37,27,,19,,,6,0.56,0.73,97,
786,0.01,0.05,0.57,0,,,6,,22,82,,88,,,22,0.38,0.36,64,
787,0.39,0.39,0.32,0,,,10,,28,39,,4,,,72,0.89,0.57,34,
788,0.4,0.93,0.41,1,,,2,,13,66,,12,,,18,0.25,0.68,96,
789,0.12,0.6,0.21,0,,,9,,20,49,,76,,,51,0.02,0.61,79,
790,0.52,0.71,0.13,1,,,8,,35,58,,44,,,6,0.82,0.55,3,
791,0.1,0.9,0.82,1,,,8,,30,20,,8,,,57,0.44,0.68,52,
792,0.28,0.34,0.06,1,,,4,,39,90,,56,,,21,0.36,0.35,93,
793,0.75,0.55,0.38,1,,,5,,28,0,,70,,,15,0.39,0.8,36,
794,0.18,0.32,0.4,1,,,6,,29,89,,25,,,70,0.15,0.58,42,
795,0.27,0.23,0.73,1,,,8,,17,53,,2,,,52,0.75,0.74,26,
796,0.1,0.84,0.88,0,,,13,,28,55,,7,,,93,0.67,0.36,79,
797,0.27,0.67,0.26,1,,,13,,34,16,,54,,,19,0.99,0.08,31,
798,0.47,0.51,0.36,0,,,12,,28,80,,91,,,66,0.96,0.59,7,
799,0.66,0.13,0.27,0,,,11,,36,7,,44,,,74,0.29,0.69,87,
800,0.77,0.6,0.54,1,,,8,,31,68,,50,,,81,0.44,0.86,71,
801,0.42,0.95,0.6,0,,,11,,19,40,,6,,,71,0.38,0.33,97,
802,0.55,0.81,0.32,1,,,11,,38,71,,49,,,66,0.55,0.3,92,
803,0.0,0.36,0.18,1,,,14,,37,46,,70,,,18,0.84,0.35,71,
804,0.5,0.16,0.87,1,,,1,,30,46,,36,,,40,0.24,0.55,64,
805,0.22,0.7,0.11,0,,,2,,12,64,,53,,,6,0.68,0.61,57,
806,0.05,0.59,0.91,1,,,8,,20,66,,39,,,53,0.26,0.67,30,
807,0.67,0.92,0.26,1,,,9,,31,12,,76,,,19,0.15,0.57,6,
808,0.3,0.29,0.11,1,,,6,,31,0,,69,,,15,0.09,0.92,0,
809,0.41,0.87,0.98,1,,,6,,12,8,,51,,,22,0.93,0.07,92,
810,0.25,0.75,0.76,1,,,5,,37,82,,25,,,67,0.25,0.88,41,
811,0.83,0.75,0.15,0,,,1,,12,50,,74,,,56,0.45,0.05,61,
812,0.32,0.99,0.76,1,,,7,,30,19,,42,,,41,0.17,0.96,45,
813,0.84,0.13,0.25,0,,,9,,15,75,,16,,,5,0.14,0.77,23,
814,0.09,0.97,0.39,0,,,9,,38,13,,49,,,29,0.77,0.15,94,
815,0.74,0.13,0.49,0,,,4,,14,76,,33,,,38,0.03,0.62,68,
816,0.61,0.17,0.67,0,,,11,,40,58,,4,,,4,0.4,0.66,3,
817,0.92,0.56,0.26,0,,,11,,36,10,,52,,,27,0.13,0.69,22,
818,0.05,0.62,0.77,1,,,7,,34,30,,68,,,19,0.92,0.02,26,
819,0.12,0.16,0.84,0,,,5,,30,93,,33,,,34,0.8,0.6,95,
820,0.79,0.72,0.73,1,,,13,,31,49,,16,,,28,0.25,0.4,23,
821,0.13,0.34,1.0,0,,,9,,23,29,,25,,,46,0.04,0.71,74,
822,0.3,0.66,0.78,0,,,2,,15,65,,47,,,91,0.47,0.15,78,
823,0.83,0.8,0.28,1,,,13,,16,89,,92,,,75,0.75,0.16,2,
824,0.35,0.76,0.1,0,,,7,,27,58,,63,,,53,0.35,0.67,82,
825,0.87,0.81,0.64,1,,,4,,20,71,,63,,,87,0.3,0.36,37,
826,0.56,0.62,0.94,1,,,12,,29,49,,64,,,32,0.73,0.58,72,
827,0.68,0.03,0.63,0,,,14,,35,14,,35,,,76,0.82,0.11,44,
828,0.41,0.08,0.98,1,,,3,,22,17,,24,,,30,0.67,0.74,88,
829,0.6,0.75,0.61,1,,,3,,37,29,,36,,,77,0.39,0.49,83,
830,0.5,0.01,0.93,0,,,6,,20,25,,26,,,44,0.97,0.26,23,
831,0.39,0.29,0.99,0,,,9,,25,6,,73,,,8,0.16,0.68,42,
832,0.03,0.89,0.43,0,,,5,,29,91,,89,,,33,0.35,0.11,9,
833,0.63,0.74,0.14,1,,,4,,24,31,,0,,,41,0.53,0.63,38,
834,0.72,0.37,0.88,1,,,13,,23,9,,3,,,34,0.55,0.68,25,
835,0.64,0.93,0.19,1,,,9,,24,94,,52,,,53,0.76,0.21,26,
836,0.05,0.46,0.25,0,,,4,,25,53,,38,,,62,0.64,0.97,23,
837,0.85,0.6,0.54,1,,,4,,24,22,,43,,,42,0.22,0.11,4,
838,0.25,0.3,0.25,0,,,7,,16,84,,98,,,42,0.08,0.53,36,
839,0.72,0.84,0.23,0,,,10,,32,80,,83,,,99,0.12,0.71,82,
840,0.05,0.55,0.01,1,,,14,,27,86,,28,,,17,0.5,0.91,76,
841,0.8,0.45,0.04,0,,,9,,38,14,,12,,,100,0.27,0.25,9,
842,0.86,0.06,0.96,0,,,12,,22,36,,82,,,94,0.96,0.83,66,
843,0.33,0.67,0.51,0,,,12,,14,68,,34,,,75,0.64,0.26,48,
844,0.93,0.67,0.3,0,,,3,,27,11,,74,,,82,0.42,0.26,41,
845,0.35,0.92,0.59,1,,,2,,23,76,,98,,,9,0.26,0.96,47,
846,0.58,0.66,0.36,0,,,14,,13,71,,9,,,63,0.33,0.95,14,
847,0.6,0.29,0.9,1,,,11,,25,46,,1,,,14,0.37,0.96,57,
848,0.69,0.22,0.52,0,,,11,,26,6,,94,,,0,0.99,0.3,29,
849,0.84,0.45,0.19,1,,,10,,12,56,,44,,,68,0.55,0.42,37,
850,0.06,0.95,0.46,0,,,6,,22,5,,39,,,59,0.58,0.01,33,
851,0.96,0.28,0.9,0,,,7,,11,14,,15,,,63,0.86,0.23,85,
852,0.07,0.76,0.69,0,,,3,,12,20,,85,,,51,0.39,0.29,10,
853,0.91,0.72,0.26,0,,,7,,11,89,,22,,,17,0.31,0.18,22,
854,0.47,0.09,0.96,1,,,12,,34,11,,14,,,26,0.04,0.51,85,
855,0.79,0.16,0.65,0,,,4,,10,63,,91,,,61,0.22,0.47,52,
856,0.7,0.19,0.55,0,,,1,,11,8,,61,,,54,0.37,0.96,52,
857,1.0,0.54,0.07,1,,,3,,34,33,,45,,,40,0.49,0.75,87,
858,0.86,0.77,0.91,0,,,11,,37,4,,0,,,45,0.01,0.84,61,
859,0.68,0.76,0.66,1,,,9,,10,36,,49,,,99,0.69,0.73,8,
860,0.13,0.32,0.43,0,,,13,,37,1,,64,,,51,0.21,0.07,37,
861,0.28,0.6,0.97,1,,,14,,11,85,,72,,,30,0.68,0.69,79,
862,0.72,0.61,0.45,1,,,13,,37,87,,94,,,66,0.44,0.57,78,
863,0.45,0.95,0.81,1,,,3,,37,59,,28,,,48,0.1,0.37,82,
864,0.28,0.57,0.28,1,,,3,,27,2,,7,,,18,0.34,0.64,32,
865,0.97,0.56,0.08,0,,,1,,18,79,,100,,,10,0.66,0.45,48,
866,0.98,0.09,0.2,0,,,8,,15,100,,89,,,67,0.38,0.84,44,
867,0.53,0.61,0.82,1,,,7,,33,59,,35,,,81,0.33,0.7,32,
868,0.6,0.35,0.62,0,,,10,,36,93,,47,,,11,0.66,0.93,8,
869,0.36,0.04,0.07,0,,,5,,22,19,,94,,,10,0.47,0.82,17,
870,0.64,0.04,0.13,0,,,13,,39,36,,62,,,98,0.56,0.14,49,
871,0.92,0.93,0.49,0,,,9,,26,56,,87,,,80,0.59,0.28,92,
872,0.78,0.05,1.0,0,,,6,,35,2,,68,,,33,0.1,0.35,87,
873,0.18,0.69,0.99,0,,,3,,20,94,,59,,,18,0.26,0.96,41,
874,0.88,0.76,0.1,1,,,12,,37,69,,6,,,80,0.5,0.92,7,
875,0.66,0.48,0.4,1,,,7,,29,10,,50,,,79,0.7,0.96,98,
876,0.22,0.98,0.7,0,,,7,,33,15,,74,,,32,0.24,0.35,85,
877,0.6,0.38,0.84,0,,,11,,17,98,,65,,,8,0.8,0.73,81,
878,0.4,0.86,0.79,0,,,9,,32,10,,47,,,100,0.82,0.33,88,
879,0.7,0.28,0.2,0,,,10,,30,62,,25,,,42,0.76,0.44,44,
880,0.98,0.65,0.62,1,,,5,,33,82,,70,,,90,0.57,0.83,19,
881,0.11,0.59,0.63,1,,,14,,23,94,,83,,,23,0.79,0.78,49,
882,0.97,0.18,0.86,1,,,4,,28,28,,43,,,76,0.99,0.72,29,
883,0.65,0.58,0.16,1,,,11,,13,6,,13,,,95,0.9,0.6,33,
884,0.32,0.77,0.66,1,,,14,,24,59,,93,,,43,0.39,0.3,33,
885,0.64,0.92,0.31,0,,,13,,12,20,,59,,,85,0.48,0.33,66,
886,0.91,0.57,0.39,1,,,14,,26,43,,15,,,67,0.64,0.94,39,
887,0.55,0.51,0.42,0,,,10,,20,90,,3,,,32,0.32,0.09,58,
888,0.36,0.87,0.77,1,,,12,,29,94,,21,,,100,0.1,0.5,64,
889,0.46,0.31,0.3,1,,,14,,13,99,,84,,,58,0.28,0.71,98,
890,0.88,0.84,0.62,0,,,4,,36,48,,69,,,76,0.49,0.91,81,
891,0.65,0.52,0.81,1,,,5,,18,33,,54,,,63,0.4,0.1,13,
892,0.44,0.58,0.53,1,,,8,,17,48,,0,,,11,0.69,0.05,69,
893,0.76,0.2,0.9,1,,,12,,39,59,,41,,,82,0.63,0.8,10,
894,0.54,0.1,0.64,1,,,2,,34,4,,74,,,23,0.41,0.68,25,
895,0.93,0.27,0.78,0,,,12,,33,16,,55,,,63,0.71,0.59,83,
896,0.3,0.69,0.92,1,,,11,,36,95,,37,,,60,0.62,0.13,45,
897,0.91,0.23,0.01,0,,,7,,22,52,,18,,,95,0.7,0.9,77,
898,0.34,0.57,0.24,0,,,6,,25,80,,85,,,62,0.51,0.23,80,
899,0.19,0.52,0.67,1,,,2,,37,79,,64,,,93,0.36,0.68,78,
900,0.35,0.13,0.89,1,,,6,,23,76,,76,,,33,0.06,0.43,9,
901,0.72,0.47,0.26,1,,,1,,36,66,,21,,,24,0.26,0.27,83,
902,0.21,0.79,0.9,0,,,13,,39,67,,65,,,4,0.54,0.51,13,
903,0.81,0.03,0.8,0,,,5,,16,30,,49,,,94,0.43,0.18,49,
904,0.06,0.63,0.15,0,,,10,,37,85,,62,,,59,0.37,0.0,67,
905,0.99,0.03,0.54,0,,,8,,40,98,,72,,,62,0.06,0.79,94,
906,0.44,0.77,0.24,1,,,6,,16,82,,36,,,27,0.2,0.43,13,
907,0.98,0.32,0.5,1,,,4,,11,70,,95,,,57,0.39,0.94,67,
908,0.08,0.22,0.14,0,,,6,,25,42,,11,,,96,0.68,0.46,73,
909,0.78,0.75,0.55,0,,,10,,12,52,,81,,,36,0.8,0.34,41,
910,0.43,0.29,0.12,1,,,6,,40,20,,84,,,95,0.33,0.42,63,
911,0.89,0.51,0.35,1,,,13,,17,39,,78,,,11,0.58,0.46,18,
912,0.43,0.27,0.81,0,,,6,,28,93,,22,,,61,0.99,0.12,70,
913,0.46,0.65,0.38,0,,,10,,10,37,,20,,,42,0.03,0.06,79,
914,0.06,0.75,0.89,0,,,2,,25,61,,88,,,14,0.67,0.74,35,
915,0.29,0.17,0.72,0,,,8,,24,11,,3,,,37,0.44,0.14,80,
916,0.16,0.65,0.45,0,,,2,,34,5,,12,,,1,0.63,0.3,41,
917,0.92,0.14,0.74,0,,,10,,11,86,,33,,,31,0.98,0.83,92,
918,0.96,0.06,0.37,1,,,5,,40,32,,91,,,95,0.03,0.17,56,
919,0.58,0.13,0.41,0,,,2,,16,17,,45,,,18,0.17,0.22,93,
920,0.17,0.92,0.17,0,,,5,,37,74,,74,,,78,0.65,0.97,74,
921,0.35,0.14,0.79,0,,,5,,19,84,,83,,,38,0.68,0.6,52,
922,0.52,0.66,0.22,1,,,10,,22,24,,33,,,75,0.12,0.22,66,
923,0.05,0.34,0.5,1,,,13,,26,7,,69,,,78,0.3,0.5,73,
924,0.8,0.39,0.59,0,,,4,,16,15,,50,,,29,0.1,0.1,10,
925,0.26,0.07,0.88,0,,,4,,24,30,,94,,,7,0.36,0.98,2,
926,0.28,0.54,0.02,1,,,11,,24,22,,74,,,25,0.13,0.83,54,
927,0.78,0.34,0.59,0,,,6,,22,22,,30,,,82,0.17,0.05,26,
928,0.27,0.24,0.49,1,,,7,,12,24,,93,,,6,0.21,0.35,67,
929,0.29,0.52,0.1,0,,,13,,36,7,,36,,,76,0.31,0.72,6,
930,0.16,0.9,0.91,1,,,11,,20,46,,95,,,13,0.52,0.49,77,
931,0.74,0.86,0.43,1,,,6,,29,17,,26,,,86,0.3,0.87,67,
932,0.79,0.06,0.54,0,,,7,,17,91,,57,,,68,0.74,0.23,96,
933,0.41,0.47,0.35,1,,,2,,35,30,,46,,,6,0.79,0.75,81,
934,0.53,0.1,0.58,0,,,7,,16,13,,52,,,22,0.28,0.23,28,
935,0.68,0.85,0.56,1,,,7,,21,50,,61,,,35,0.43,0.22,85,
936,0.5,0.43,0.35,1,,,5,,15,79,,20,,,59,0.86,0.59,74,
937,0.35,0.6,0.98,1,,,4,,32,57,,23,,,85,0.28,0.76,64,
938,0.97,0.31,0.47,0,,,12,,40,70,,28,,,28,0.69,0.96,28,
939,0.07,0.39,0.81,0,,,9,,30,95,,40,,,28,0.22,0.02,25,
940,0.61,0.02,0.42,0,,,1,,23,76,,32,,,0,0.91,0.15,30,
941,0.73,0.2,0.48,0,,,5,,27,33,,60,,,11,0.91,0.94,57,
942,0.94,0.38,0.86,0,,,7,,31,48,,70,,,89,0.78,0.01,7,
943,1.0,0.78,0.73,1,,,14,,19,20,,18,,,47,0.65,0.57,43,
944,0.7,0.61,0.09,1,,,12,,25,95,,6,,,81,0.76,0.22,42,
945,0.53,0.4,0.72,1,,,8,,14,14,,47,,,70,0.81,0.81,67,
946,0.71,0.7,0.05,1,,,6,,36,56,,84,,,14,0.94,1.0,18,
947,0.52,0.18,0.8,0,,,12,,29,48,,32,,,59,0.18,0.72,17,
948,0.48,0.61,0.96,0,,,9,,31,87,,25,,,80,0.92,0.9,90,
949,0.97,0.32,0.71,1,,,12,,19,76,,56,,,32,0.96,0.21,78,
950,0.24,0.45,0.97,1,,,14,,27,94,,48,,,75,0.52,0.6,1,
951,0.23,0.75,0.77,1,,,1,,24,71,,60,,,24,0.47,0.27,34,
952,0.43,0.42,0.9,1,,,2,,23,12,,76,,,56,0.96,0.84,95,
953,0.27,0.95,0.28,0,,,1,,18,34,,97,,,96,0.52,0.0,2,
954,0.42,0.08,0.48,0,,,1,,18,22,,91,,,93,0.4,0.51,5,
955,0.98,0.1,0.81,1,,,12,,32,1,,59,,,52,0.86,0.96,16,
956,0.62,0.59,0.62,0,,,4,,20,40,,52,,,29,0.9,0.9,50,
957,0.0,0.23,0.17,1,,,14,,32,58,,18,,,20,0.37,0.94,30,
958,0.02,0.78,0.97,0,,,7,,19,69,,11,,,82,0.43,0.54,14,
959,0.63,0.1,0.6,1,,,10,,20,29,,96,,,39,0.42,0.11,39,
960,0.95,0.73,0.47,1,,,6,,21,70,,11,,,88,0.63,0.92,79,
961,0.61,0.7,0.22,1,,,1,,11,17,,92,,,77,0.06,0.13,8,
962,0.45,0.09,0.38,1,,,7,,36,65,,43,,,29,0.99,0.18,71,
963,0.31,0.92,0.94,0,,,8,,14,72,,73,,,74,0.63,0.24,52,
964,0.98,0.23,0.65,0,,,1,,29,16,,35,,,40,0.79,0.64,49,
965,0.82,0.83,0.14,1,,,6,,23,59,,97,,,3,0.69,0.79,67,
966,0.25,0.64,0.73,1,,,4,,14,45,,12,,,90,0.9,0.53,85,
967,0.78,0.31,0.66,0,,,5,,30,23,,18,,,20,0.13,0.62,71,
968,0.32,0.53,0.45,0,,,8,,21,16,,95,,,46,0.91,0.69,27,
969,0.14,0.97,0.01,0,,,4,,40,52,,89,,,20,0.4,0.28,27,
970,0.3,0.91,0.97,0,,,8,,18,56,,34,,,5,0.22,0.17,74,
971,0.72,0.75,0.19,1,,,8,,11,96,,2,,,15,0.86,0.68,41,
972,0.09,0.75,0.86,1,,,14,,28,6,,51,,,34,0.2,0.01,2,
973,0.68,0.23,0.53,1,,,11,,25,48,,46,,,59,0.65,0.11,44,
974,0.78,0.6,0.37,0,,,13,,13,38,,46,,,63,0.66,0.62,12,
975,0.32,0.4,0.41,0,,,3,,35,80,,1,,,64,0.07,0.48,75,
976,0.96,0.92,0.99,0,,,7,,10,15,,92,,,58,0.98,0.96,95,
977,0.76,0.8,0.64,0,,,12,,39,2,,76,,,70,0.41,0.1,38,
978,0.32,0.18,0.92,1,,,9,,31,58,,63,,,60,0.87,0.35,92,
979,0.44,0.41,0.56,0,,,2,,16,64,,93,,,46,0.85,0.61,38,
980,0.7,0.11,0.22,1,,,4,,19,2,,9,,,36,0.32,0.24,89,
981,0.53,0.85,0.89,1,,,13,,11,4,,36,,,15,0.32,0.13,92,
982,0.7,0.32,0.33,1,,,4,,14,81,,38,,,39,0.47,0.01,60,
983,0.41,0.04,0.49,1,,,9,,32,6,,35,,,45,0.32,0.69,53,
984,0.82,0.93,0.93,1,,,8,,19,27,,78,,,14,0.51,0.77,43,
985,0.77,0.27,0.54,0,,,11,,27,78,,11,,,9,0.5,0.51,82,
986,0.52,0.01,0.77,0,,,7,,19,11,,2,,,25,0.93,0.84,72,
987,0.56,0.61,0.77,0,,,13,,33,45,,7,,,55,0.64,0.72,50,
988,0.38,0.99,0.58,0,,,14,,15,73,,0,,,79,0.03,0.76,34,
989,0.35,0.94,0.35,0,,,12,,21,86,,53,,,32,0.45,0.92,49,
990,0.82,0.07,0.82,0,,,14,,11,61,,13,,,9,0.58,0.96,81,
991,0.33,0.39,0.32,1,,,11,,27,12,,98,,,9,0.36,0.05,85,
992,0.22,0.34,0.36,1,,,12,,19,58,,24,,,89,0.74,0.84,61,
993,0.11,0.44,0.51,0,,,4,,14,66,,55,,,22,0.7,0.93,10,
994,0.01,0.75,0.16,0,,,1,,21,0,,95,,,23,0.08,0.17,93,
995,0.3,0.82,0.88,1,,,10,,29,38,,27,,,21,0.38,0.7,86,
996,0.48,0.3,0.41,0,,,6,,19,46,,22,,,68,0.24,0.57,21,
997,0.78,0.71,0.61,0,,,3,,16,1,,21,,,87,0.15,0.16,78,
998,0.04,0.72,0.2,0,,,9,,20,80,,54,,,19,0.12,0.98,87,
999,0.39,0.8,0.52,0,,,13,,26,69,,12,,,81,0.03,0.91,8,
1000,0.64,0.93,0.3,0,,,4,,10,32,,91,,,60,0.92,0.95,77,
